id,labels,主题,交通方式,交通配套,价值,伤亡人数,体验,保存方式,保护级别,保护范围,保留内容,值,入党时间,入狱原因,全程距离,出生时间,分类,制作方式,占地面积,历史记录,原名,参与人数,参观方式,反响,发掘时间,发现文物,发生时间,召开时间,名称,地址,坚持时间,外壳材质,始建时间,安葬人数,安葬对象,安葬时期,实体名称,封面颜色,尺寸,展示内容,属性,工作单位,布料颜色,帽徽,建成时间,建立时间,建筑类型,建议时长,建议行程,开放时间,形式,影响,性质,成立地点,成立时会员数,成立时间,战斗状态,持续时间,推测属性,文字,无名烈士墓安葬人数,时间,景点分布,最后记录时间,服务,材质,枪管刻字,标志物,残留内容,活动,海拔,烈士纪念碑内容,烈士纪念碑建成时间,烈士纪念碑高度,特征,牺牲年龄,状态,用途,直径,签发时间,管理处电话,籍贯,类型,纪念塔刻字,纪念塔高度,组成,经历事件年龄,结果,罢工经历,翻新时间,联系电话,荣誉,获释时间,行程安排,表彰单位,被捕表现,规定,规模,贡献,距离,路段车程,车程,轮渡时长,适合人群,适合儿童年龄,适合季节,逝世原因,逝世地点,逝世时间,配套,配套体验,铭刻内容,镜片状态,长度,门票政策,闭馆情况,陈列于,陈列内容,页数,预约要求,颜色
0,红色旅游|红色展品,,,,,,,,,,,,,,,,,,,,,,,,,,,,,,,,,,,,1926 年,,,,,,,,,,,,,,,,,,,,,,,,,,,,,,,,,,,,,,,,,,,,,,,,,,,,,,,,,,,,,,,,,,,,,,,,,,,,,,,,,,,,
1,红色旅游|红色展品,,,,,,,,,,,,,,,,,,,,,,,,,,,,,,,,,,,,旅顺万忠墓纪念馆,,,,,,,,,,,,,,,,,,,,,,,,,,,,,,,,,,,,,,,,,,,,,,,,,,,,,,,,,,,,,,,,,,,,,,,,,,,,,,,,,,,,
2,红色旅游|红色展品,,,,,,,,,,,,,,,,,,,,,,,,,,,,,,,,,,,,1894 年旅顺大屠杀时期日军,,,,,,,,,,,,,,,,,,,,,,,,,,,,,,,,,,,,,,,,,,,,,,,,,,,,,,,,,,,,,,,,,,,,,,,,,,,,,,,,,,,,
3,红色旅游|红色展品,,,,,,,,,,,,,,,,,,,,,,,,,,,,,,,,,,,,旅顺日俄监狱旧址博物馆,,,,,,,,,,,,,,,,,,,,,,,,,,,,,,,,,,,,,,,,,,,,,,,,,,,,,,,,,,,,,,,,,,,,,,,,,,,,,,,,,,,,
4,红色旅游|红色展品,,,,,,,,,,,,,,,,,,,,,,,,,,,,,,,,,,,,监狱旧址东区展厅,,,,,,,,,,,,,,,,,,,,,,,,,,,,,,,,,,,,,,,,,,,,,,,,,,,,,,,,,,,,,,,,,,,,,,,,,,,,,,,,,,,,
5,红色旅游|红色展品,,,,,,,,,,,,,,,,,,,,,,,,,,,,,,,,,,,,庄河革命烈士陵园纪念馆,,,,,,,,,,,,,,,,,,,,,,,,,,,,,,,,,,,,,,,,,,,,,,,,,,,,,,,,,,,,,,,,,,,,,,,,,,,,,,,,,,,,
6,红色旅游|红色展品,,,,,,,,,,,,,,,,,,,,,,,,,,,,,,,,,,,,日军（1938 年）,,,,,,,,,,,,,,,,,,,,,,,,,,,,,,,,,,,,,,,,,,,,,,,,,,,,,,,,,,,,,,,,,,,,,,,,,,,,,,,,,,,,
7,红色旅游|红色展品,,,,,,,,,,,,,,,,,,,,,,,,,,,,,,,,,,,,金州烈士陵园纪念馆,,,,,,,,,,,,,,,,,,,,,,,,,,,,,,,,,,,,,,,,,,,,,,,,,,,,,,,,,,,,,,,,,,,,,,,,,,,,,,,,,,,,
8,红色旅游|红色展品,,,,,,,,,,,,,,,,,,,,,,,,,,,,,,,,,,,,宋学范参加四平战役经历,,,,,,,,,,,,,,,,,,,,,,,,,,,,,,,,,,,,,,,,,,,,,,,,,,,,,,,,,,,,,,,,,,,,,,,,,,,,,,,,,,,,
9,红色旅游|红色展品,,,,,,,,,,,,,,,,,,,,,,,,,,,,,,,,,,,,大连博物馆 “近代大连” 展厅,,,,,,,,,,,,,,,,,,,,,,,,,,,,,,,,,,,,,,,,,,,,,,,,,,,,,,,,,,,,,,,,,,,,,,,,,,,,,,,,,,,,
10,红色旅游|红色展品,,,,,,,,,,,,,,,,,,,,,,,,,,,,,,,,,,,,1945 年旅大解放时期,,,,,,,,,,,,,,,,,,,,,,,,,,,,,,,,,,,,,,,,,,,,,,,,,,,,,,,,,,,,,,,,,,,,,,,,,,,,,,,,,,,,
11,红色旅游|红色展品,,,,,,,,,,,,,,,,,,,,,,,,,,,,,,,,,,,,普兰店区革命纪念馆,,,,,,,,,,,,,,,,,,,,,,,,,,,,,,,,,,,,,,,,,,,,,,,,,,,,,,,,,,,,,,,,,,,,,,,,,,,,,,,,,,,,
12,红色旅游|红色展品,,,,,,,,,,,,,,,,,,,,,,,,,,,,,,,,,,,,1947 年普兰店攻坚战,,,,,,,,,,,,,,,,,,,,,,,,,,,,,,,,,,,,,,,,,,,,,,,,,,,,,,,,,,,,,,,,,,,,,,,,,,,,,,,,,,,,
13,红色旅游|红色展品,,,,,,,,,,,,,,,,,,,,,,,,,,,,,,,,,,,,瓦房店革命纪念馆,,,,,,,,,,,,,,,,,,,,,,,,,,,,,,,,,,,,,,,,,,,,,,,,,,,,,,,,,,,,,,,,,,,,,,,,,,,,,,,,,,,,
14,红色旅游|红色展品,,,,,,,,,,,,,,,,,,,,,,,,,,,,,,,,,,,,1942 年赵桂兰破坏日军生产,,,,,,,,,,,,,,,,,,,,,,,,,,,,,,,,,,,,,,,,,,,,,,,,,,,,,,,,,,,,,,,,,,,,,,,,,,,,,,,,,,,,
15,红色旅游|红色展品,,,,,,,,,,,,,,,,,,,,,,,,,,,,,,,,,,,,长海县革命烈士陵园纪念馆,,,,,,,,,,,,,,,,,,,,,,,,,,,,,,,,,,,,,,,,,,,,,,,,,,,,,,,,,,,,,,,,,,,,,,,,,,,,,,,,,,,,
16,红色旅游|红色展品,,,,,,,,,,,,,,,,,,,,,,,,,,,,,,,,,,,,1939 年（当地妇女手工缝制）,,,,,,,,,,,,,,,,,,,,,,,,,,,,,,,,,,,,,,,,,,,,,,,,,,,,,,,,,,,,,,,,,,,,,,,,,,,,,,,,,,,,
17,红色旅游|红色展品,,,,,,,,,,,,,,,,,,,,,,,,,,,,,,,,,,,,大连中华工学会,,,,,,,,,,,,,,,,,,,,,,,,,,,,,,,,,,,,,,,,,,,,,,,,,,,,,,,,,,,,,,,,,,,,,,,,,,,,,,,,,,,,
18,红色旅游|红色展品,,,,,,,,,,,,,,,,,,,,,,,,,,,,,,,,,,,,旅顺烈士陵园纪念馆,,,,,,,,,,,,,,,,,,,,,,,,,,,,,,,,,,,,,,,,,,,,,,,,,,,,,,,,,,,,,,,,,,,,,,,,,,,,,,,,,,,,
19,红色旅游|红色展品,,,,,,,,,,,,,,,,,,,,,,,,,,,,,,,,,,,,1945 年苏联红军牺牲战士,,,,,,,,,,,,,,,,,,,,,,,,,,,,,,,,,,,,,,,,,,,,,,,,,,,,,,,,,,,,,,,,,,,,,,,,,,,,,,,,,,,,
20,红色旅游|红色展品,,,,,,,,,,,,,,,,,,,,,,,,,,,,,,,,,,,,战场遗址,,,,,,,,,,,,,,,,,,,,,,,,,,,,,,,,,,,,,,,,,,,,,,,,,,,,,,,,,,,,,,,,,,,,,,,,,,,,,,,,,,,,
21,红色旅游|红色展品,,,,,,,,,,,,,,,,,,,,,,,,,,,,,,,,,,,,庄河仙人洞抗日根据地遗址纪念馆,,,,,,,,,,,,,,,,,,,,,,,,,,,,,,,,,,,,,,,,,,,,,,,,,,,,,,,,,,,,,,,,,,,,,,,,,,,,,,,,,,,,
22,红色旅游|红色展品,,,,,,,,,,,,,,,,,,,,,,,,,,,,,,,,,,,,当年抗联时期,,,,,,,,,,,,,,,,,,,,,,,,,,,,,,,,,,,,,,,,,,,,,,,,,,,,,,,,,,,,,,,,,,,,,,,,,,,,,,,,,,,,
23,红色旅游|红色展品,,,,,,,,,,,,,,,,,,,,,,,,,,,,,,,,,,,,金州南山战役遗址纪念馆,,,,,,,,,,,,,,,,,,,,,,,,,,,,,,,,,,,,,,,,,,,,,,,,,,,,,,,,,,,,,,,,,,,,,,,,,,,,,,,,,,,,
24,红色旅游|红色展品,,,,,,,,,,,,,,,,,,,,,,,,,,,,,,,,,,,,南山遗址（2005 年）,,,,,,,,,,,,,,,,,,,,,,,,,,,,,,,,,,,,,,,,,,,,,,,,,,,,,,,,,,,,,,,,,,,,,,,,,,,,,,,,,,,,
25,红色旅游|红色展品,,,,,,,,,,,,,,,,,,,,,,,,,,,,,,,,,,,,日俄战争时期俄军（推测）,,,,,,,,,,,,,,,,,,,,,,,,,,,,,,,,,,,,,,,,,,,,,,,,,,,,,,,,,,,,,,,,,,,,,,,,,,,,,,,,,,,,
26,红色旅游|红色展品,,,,,,,,,,,,,,,,,,,,,,,,,,,,,,,,,,,,1949 年大连庆祝建国游行,,,,,,,,,,,,,,,,,,,,,,,,,,,,,,,,,,,,,,,,,,,,,,,,,,,,,,,,,,,,,,,,,,,,,,,,,,,,,,,,,,,,
27,Property,,,,,,,,,,,黑色金属,,,,,,,,,,,,,,,,,,,,,,,,,,,,,材质,,,,,,,,,,,,,,,,,,,,,,,,,,,,,,,,,,,,,,,,,,,,,,,,,,,,,,,,,,,,,,,,,,,,,,,,,,,,,,,,
28,Property,,,,,,,,,,,笔尖刻有俄文字母,,,,,,,,,,,,,,,,,,,,,,,,,,,,,特征,,,,,,,,,,,,,,,,,,,,,,,,,,,,,,,,,,,,,,,,,,,,,,,,,,,,,,,,,,,,,,,,,,,,,,,,,,,,,,,,
29,Property,,,,,,,,,,,国家三级文物,,,,,,,,,,,,,,,,,,,,,,,,,,,,,保护级别,,,,,,,,,,,,,,,,,,,,,,,,,,,,,,,,,,,,,,,,,,,,,,,,,,,,,,,,,,,,,,,,,,,,,,,,,,,,,,,,
30,Property,,,,,,,,,,,油印品,,,,,,,,,,,,,,,,,,,,,,,,,,,,,类型,,,,,,,,,,,,,,,,,,,,,,,,,,,,,,,,,,,,,,,,,,,,,,,,,,,,,,,,,,,,,,,,,,,,,,,,,,,,,,,,
31,Property,,,,,,,,,,,纸张泛黄,,,,,,,,,,,,,,,,,,,,,,,,,,,,,状态,,,,,,,,,,,,,,,,,,,,,,,,,,,,,,,,,,,,,,,,,,,,,,,,,,,,,,,,,,,,,,,,,,,,,,,,,,,,,,,,
32,Property,,,,,,,,,,,恒温展柜,,,,,,,,,,,,,,,,,,,,,,,,,,,,,保存方式,,,,,,,,,,,,,,,,,,,,,,,,,,,,,,,,,,,,,,,,,,,,,,,,,,,,,,,,,,,,,,,,,,,,,,,,,,,,,,,,
33,Property,,,,,,,,,,,重要历史见证,,,,,,,,,,,,,,,,,,,,,,,,,,,,,价值,,,,,,,,,,,,,,,,,,,,,,,,,,,,,,,,,,,,,,,,,,,,,,,,,,,,,,,,,,,,,,,,,,,,,,,,,,,,,,,,
34,Property,,,,,,,,,,,刀身刻有日军番号,,,,,,,,,,,,,,,,,,,,,,,,,,,,,特征,,,,,,,,,,,,,,,,,,,,,,,,,,,,,,,,,,,,,,,,,,,,,,,,,,,,,,,,,,,,,,,,,,,,,,,,,,,,,,,,
35,Property,,,,,,,,,,,约 1 米,,,,,,,,,,,,,,,,,,,,,,,,,,,,,长度,,,,,,,,,,,,,,,,,,,,,,,,,,,,,,,,,,,,,,,,,,,,,,,,,,,,,,,,,,,,,,,,,,,,,,,,,,,,,,,,
36,Property,,,,,,,,,,,当时日军步兵制式武器（经鉴定）,,,,,,,,,,,,,,,,,,,,,,,,,,,,,属性,,,,,,,,,,,,,,,,,,,,,,,,,,,,,,,,,,,,,,,,,,,,,,,,,,,,,,,,,,,,,,,,,,,,,,,,,,,,,,,,
37,Property,,,,,,,,,,,铁制,,,,,,,,,,,,,,,,,,,,,,,,,,,,,材质,,,,,,,,,,,,,,,,,,,,,,,,,,,,,,,,,,,,,,,,,,,,,,,,,,,,,,,,,,,,,,,,,,,,,,,,,,,,,,,,
38,Property,,,,,,,,,,,上面有囚犯刻的 “反满抗日” 字样,,,,,,,,,,,,,,,,,,,,,,,,,,,,,特征,,,,,,,,,,,,,,,,,,,,,,,,,,,,,,,,,,,,,,,,,,,,,,,,,,,,,,,,,,,,,,,,,,,,,,,,,,,,,,,,
39,Property,,,,,,,,,,,高 2 米、宽 0.8 米,,,,,,,,,,,,,,,,,,,,,,,,,,,,,尺寸,,,,,,,,,,,,,,,,,,,,,,,,,,,,,,,,,,,,,,,,,,,,,,,,,,,,,,,,,,,,,,,,,,,,,,,,,,,,,,,,
40,Property,,,,,,,,,,,枪身有多处磨损痕迹,,,,,,,,,,,,,,,,,,,,,,,,,,,,,特征,,,,,,,,,,,,,,,,,,,,,,,,,,,,,,,,,,,,,,,,,,,,,,,,,,,,,,,,,,,,,,,,,,,,,,,,,,,,,,,,
41,Property,,,,,,,,,,,生产年份 “1932”,,,,,,,,,,,,,,,,,,,,,,,,,,,,,枪管刻字,,,,,,,,,,,,,,,,,,,,,,,,,,,,,,,,,,,,,,,,,,,,,,,,,,,,,,,,,,,,,,,,,,,,,,,,,,,,,,,,
42,Property,,,,,,,,,,,蓝色,,,,,,,,,,,,,,,,,,,,,,,,,,,,,封面颜色,,,,,,,,,,,,,,,,,,,,,,,,,,,,,,,,,,,,,,,,,,,,,,,,,,,,,,,,,,,,,,,,,,,,,,,,,,,,,,,,
43,Property,,,,,,,,,,,32 页,,,,,,,,,,,,,,,,,,,,,,,,,,,,,页数,,,,,,,,,,,,,,,,,,,,,,,,,,,,,,,,,,,,,,,,,,,,,,,,,,,,,,,,,,,,,,,,,,,,,,,,,,,,,,,,
44,Property,,,,,,,,,,,1947 年 6 月 13 日（牺牲前 1 天）,,,,,,,,,,,,,,,,,,,,,,,,,,,,,最后记录时间,,,,,,,,,,,,,,,,,,,,,,,,,,,,,,,,,,,,,,,,,,,,,,,,,,,,,,,,,,,,,,,,,,,,,,,,,,,,,,,,
45,Property,,,,,,,,,,,铜制,,,,,,,,,,,,,,,,,,,,,,,,,,,,,外壳材质,,,,,,,,,,,,,,,,,,,,,,,,,,,,,,,,,,,,,,,,,,,,,,,,,,,,,,,,,,,,,,,,,,,,,,,,,,,,,,,,
46,Property,,,,,,,,,,,完好,,,,,,,,,,,,,,,,,,,,,,,,,,,,,镜片状态,,,,,,,,,,,,,,,,,,,,,,,,,,,,,,,,,,,,,,,,,,,,,,,,,,,,,,,,,,,,,,,,,,,,,,,,,,,,,,,,
47,Property,,,,,,,,,,,镜身刻有 “CCCP”（苏联缩写）标志,,,,,,,,,,,,,,,,,,,,,,,,,,,,,特征,,,,,,,,,,,,,,,,,,,,,,,,,,,,,,,,,,,,,,,,,,,,,,,,,,,,,,,,,,,,,,,,,,,,,,,,,,,,,,,,
48,Property,,,,,,,,,,,木柄式,,,,,,,,,,,,,,,,,,,,,,,,,,,,,类型,,,,,,,,,,,,,,,,,,,,,,,,,,,,,,,,,,,,,,,,,,,,,,,,,,,,,,,,,,,,,,,,,,,,,,,,,,,,,,,,
49,Property,,,,,,,,,,,未爆炸过,,,,,,,,,,,,,,,,,,,,,,,,,,,,,状态,,,,,,,,,,,,,,,,,,,,,,,,,,,,,,,,,,,,,,,,,,,,,,,,,,,,,,,,,,,,,,,,,,,,,,,,,,,,,,,,
50,Property,,,,,,,,,,,弹体刻有 “1946” 生产年份,,,,,,,,,,,,,,,,,,,,,,,,,,,,,特征,,,,,,,,,,,,,,,,,,,,,,,,,,,,,,,,,,,,,,,,,,,,,,,,,,,,,,,,,,,,,,,,,,,,,,,,,,,,,,,,
51,Property,,,,,,,,,,,防爆展柜,,,,,,,,,,,,,,,,,,,,,,,,,,,,,保存方式,,,,,,,,,,,,,,,,,,,,,,,,,,,,,,,,,,,,,,,,,,,,,,,,,,,,,,,,,,,,,,,,,,,,,,,,,,,,,,,,
52,Property,,,,,,,,,,,钳子、扳手,,,,,,,,,,,,,,,,,,,,,,,,,,,,,组成,,,,,,,,,,,,,,,,,,,,,,,,,,,,,,,,,,,,,,,,,,,,,,,,,,,,,,,,,,,,,,,,,,,,,,,,,,,,,,,,
53,Property,,,,,,,,,,,有明显磨损痕迹,,,,,,,,,,,,,,,,,,,,,,,,,,,,,特征,,,,,,,,,,,,,,,,,,,,,,,,,,,,,,,,,,,,,,,,,,,,,,,,,,,,,,,,,,,,,,,,,,,,,,,,,,,,,,,,
54,Property,,,,,,,,,,,见证赵桂兰抗日活动,,,,,,,,,,,,,,,,,,,,,,,,,,,,,价值,,,,,,,,,,,,,,,,,,,,,,,,,,,,,,,,,,,,,,,,,,,,,,,,,,,,,,,,,,,,,,,,,,,,,,,,,,,,,,,,
55,Property,,,,,,,,,,,红布,,,,,,,,,,,,,,,,,,,,,,,,,,,,,布料颜色,,,,,,,,,,,,,,,,,,,,,,,,,,,,,,,,,,,,,,,,,,,,,,,,,,,,,,,,,,,,,,,,,,,,,,,,,,,,,,,,
56,Property,,,,,,,,,,,绣有 “还我河山” 四字,,,,,,,,,,,,,,,,,,,,,,,,,,,,,文字,,,,,,,,,,,,,,,,,,,,,,,,,,,,,,,,,,,,,,,,,,,,,,,,,,,,,,,,,,,,,,,,,,,,,,,,,,,,,,,,
57,Property,,,,,,,,,,,棉布,,,,,,,,,,,,,,,,,,,,,,,,,,,,,材质,,,,,,,,,,,,,,,,,,,,,,,,,,,,,,,,,,,,,,,,,,,,,,,,,,,,,,,,,,,,,,,,,,,,,,,,,,,,,,,,
58,Property,,,,,,,,,,,边缘有破损,,,,,,,,,,,,,,,,,,,,,,,,,,,,,状态,,,,,,,,,,,,,,,,,,,,,,,,,,,,,,,,,,,,,,,,,,,,,,,,,,,,,,,,,,,,,,,,,,,,,,,,,,,,,,,,
59,Property,,,,,,,,,,,1939 年当地妇女手工缝制,,,,,,,,,,,,,,,,,,,,,,,,,,,,,制作方式,,,,,,,,,,,,,,,,,,,,,,,,,,,,,,,,,,,,,,,,,,,,,,,,,,,,,,,,,,,,,,,,,,,,,,,,,,,,,,,,
60,Property,,,,,,,,,,,大连中华工学会第一号会员证,,,,,,,,,,,,,,,,,,,,,,,,,,,,,性质,,,,,,,,,,,,,,,,,,,,,,,,,,,,,,,,,,,,,,,,,,,,,,,,,,,,,,,,,,,,,,,,,,,,,,,,,,,,,,,,
61,Property,,,,,,,,,,,纸质,,,,,,,,,,,,,,,,,,,,,,,,,,,,,材质,,,,,,,,,,,,,,,,,,,,,,,,,,,,,,,,,,,,,,,,,,,,,,,,,,,,,,,,,,,,,,,,,,,,,,,,,,,,,,,,
62,Property,,,,,,,,,,,贴有傅景阳照片、盖有工学会印章,,,,,,,,,,,,,,,,,,,,,,,,,,,,,特征,,,,,,,,,,,,,,,,,,,,,,,,,,,,,,,,,,,,,,,,,,,,,,,,,,,,,,,,,,,,,,,,,,,,,,,,,,,,,,,,
63,Property,,,,,,,,,,,1923 年 12 月,,,,,,,,,,,,,,,,,,,,,,,,,,,,,签发时间,,,,,,,,,,,,,,,,,,,,,,,,,,,,,,,,,,,,,,,,,,,,,,,,,,,,,,,,,,,,,,,,,,,,,,,,,,,,,,,,
64,Property,,,,,,,,,,,红色五角星,,,,,,,,,,,,,,,,,,,,,,,,,,,,,帽徽,,,,,,,,,,,,,,,,,,,,,,,,,,,,,,,,,,,,,,,,,,,,,,,,,,,,,,,,,,,,,,,,,,,,,,,,,,,,,,,,
65,Property,,,,,,,,,,,呢子,,,,,,,,,,,,,,,,,,,,,,,,,,,,,材质,,,,,,,,,,,,,,,,,,,,,,,,,,,,,,,,,,,,,,,,,,,,,,,,,,,,,,,,,,,,,,,,,,,,,,,,,,,,,,,,
66,红色旅游|红色场馆,,乘坐金州公交 105 路至向应街道站（步行 10 分钟）,,,,,,,,,,,,,,红色场馆类,,,,,,,,,,,,,大连市金州区向应街道关家村 1 号,,,,,,,关向应故居纪念馆,,,,,,,,,,,,,9:00-16:30（每周一闭馆）,,,,,,,,,,,,,,,,,,,,,,,,,,,,,,,,,,,,,,,,,0411-66661902,,,,,,,,,,,,,,,,,,,,,,,,免费（需提前预约）,,,,,,
67,红色旅游|红色场馆,,,周边有地铁 1 号线,,,,,,,,,,,,,红色场馆类,,,,,,,,,,,,,大连市沙河口区黄河路 658 号,,,,,,,大连中华工学会旧址纪念馆,,,,,,,,,,,,,9:00-11:30、13:30-16:30（每周一闭馆）,,,,,,,,,,,,,,,,,,,,,,,,,,,,,,,,,,,,,,,,,0411 8464 8816,,,,,,,,,,,,,,,,,,,,,,,,免费（个人无需预约，团体 20 人以上需预约）,,,1923 年大连中华工学会成立历史、工人运动传单和工具,,,
68,红色旅游|红色场馆,,乘坐旅顺公交 3 路至万忠墓站（马路对面）,,,,,,,,,,,,,,红色场馆类,,,1894 年旅顺大屠杀事件,,,,,,,,,,大连市旅顺口区九三路 23 号,,,,,,,旅顺万忠墓纪念馆,,,,,,,,,,,,,8:30-16:00（冬季提前半小时闭馆）,,,,,,,,,,,,,,,,,,,,,,,,,,,,,,,,,,,,,,,,,0411 8661 2924,,,,,,,,,,,,,,,,,,,,,,,,,,,,,,
69,红色旅游|红色场馆,,,,,,,,,,,,,,,,红色场馆类,,约 5000 平方米,,,,,,,,,,,,,,,,,,瓦房店市复州城革命烈士陵园纪念馆,,,,,,,,,,,,,,,,,,,,,,,,,,,,免费讲解（需提前 3 天预约）,,,,,,,,,,,,,,,,,,,,,,,,,,,,,,,,,,,,,,,,,,,,,,,,,,,,,,,,
70,红色旅游|红色场馆,,乘坐庄河公交 1 路至烈士陵园站,,,,,,,,,,,,,,红色场馆类,,,,,,,,,,,,,,,,,,,,庄河市革命烈士陵园纪念馆,,,,,,,,,,,,,,,,,,,,,,,,,,,,,,,,,,,,,15 米,,,,,,,,,,,,,,,,,,,,,,,,,,,,,,,,,,,,,,300 多位烈士名字,,,,,,,,,
71,红色旅游|红色场馆,,乘坐金州公交 201 路至龙王庙站（步行 15 分钟）,,,,,,,,,,,,,,红色场馆类,,,,,,,,,,,,,大连市金州区友谊街道龙王庙村,,,1955 年,1200 余人（解放战争、抗美援朝金州籍烈士）,,,金州烈士陵园纪念馆,,,,,,,,,,,,,,,,,,,,,,,,,,,,接受社会各界祭扫,,,,,每年 3 月 “清明祭英烈” 活动,,,,,,,,,,,,,,,,,,,,2005 年,,,,,,,,,,,,,,,,,,,,,,,,,免费（团体需提前报备）,,,,,,
72,红色旅游|红色场馆,,,,,,,,,,,,,,,,红色场馆类,,,,,,,,,,,,,大连市沙河口区会展路 10 号（隶属于大连博物馆）,,,,,,,大连博物馆 “近代大连” 展厅,,,大连革命历史,,,,,,,,,,9:00-17:00（周一闭馆，与主馆一致）,,,,,,,,,,,,,,,,,,,,,,,,,,,,,,,,,,,,,,,,,,,,,,,,,,,,,,,,,,,,,,,,,免费（需官网预约，与主馆一致）,,,,,,
73,红色旅游|红色场馆,,乘坐旅顺公交 5 路至监狱旧址站（步行 5 分钟）,,,,,,全国重点文物保护单位,,当年牢房、刑具,,,,,,红色场馆类,,,,,,,,,,,,,大连市旅顺口区向阳街 139 号,,,,,,,旅顺日俄监狱旧址博物馆,,,,,,,,,,,,,,,,,,,,,,,,,,,,,,,,,,,,,,,,,,,,,,,,,,,,,,,,,,,,,,,,,,,,,,,,,,,,,,20 元 / 人（学生半价）,,,,,,
74,红色旅游|红色场馆,,乘坐普兰店公交 1 路、3 路至中心广场站（步行 300 米）,,,,,,,,,,,,,,红色场馆类,,,,,,,,,,,,,普兰店区中心路一段 12 号,,,,,,,普兰店区革命纪念馆,,,当地抗日斗争历史,,,,,,,,,,9:00-16:00（每周二闭馆，遇节假日顺延）,,,,,,,,,,,,,,,,,,,,,,,,,,,,,,,,,,,,,,,,,0411-83515100,,,,,,,,,普兰店火车站约 2 公里,,,,,,,,,,,,,,,,,,,,,
75,红色旅游|红色场馆,,乘坐轮渡至大长山岛,,,,,,,,,,,,,,红色场馆类,,,,,,,,,,,,,长海县大长山岛镇东山街,,,,38 位烈士,,,长海县革命烈士陵园纪念馆,,,,,,,,,,,,,,,,海岛唯一烈士陵园,,,,,,,,,,,,,,,,,每年清明节纪念活动,,,,,,,,,,,,,,,,,,,,,,,,,,,,,,,,,,,,,,,,,,,,,,,,海岛军民抗击日寇照片和实物,,,
76,红色旅游|红色场馆,,,,,,,,,,当年农具、生活用具,,,,,,红色场馆类,,,,,,,,,,,,,,,,,,,,关向应故居遗址,,,关向应成长环境,,,,,,,复建青砖瓦房,,,,,,,,,,,,,,,,,,,,,,,,,,,,,,,,,,,,,,,,,,,,,,,,,,,,,,,,,,,,,,,,,,,,,,,,,,
77,红色旅游|红色场馆,,,,,,,,,,,,,,,,红色场馆类,,,,,,,,,,,,,,,,,,,,旅顺龙王塘水库战斗遗址,,,,,,,,,,,,,,,,,,,,,,,,,,,,,,,纪念碑（记载战斗时间和参战部队）,,,,,,,,,,,,,,,,,,,,,,,,,,,,,,,,,,,,,,,,,,,,,,,,,,,,,
78,红色旅游|红色场馆,,,,,,,,,,,,,,,,红色场馆类,,,,,,,,,,,,,,,,,,,,大连湾炮台遗址,,,,,,,,,,,,,9:00-16:00,,,,,,,,,,,,,,,,,,,炮位、弹药库,,,,,,,,,,,,,,,,,,,,,,,,,,,,,,,,,,,,,,,,,,,,,,10 元 / 人,,,,,,
79,红色旅游|红色场馆,,,,,,,,,,,,,,,,红色场馆类,,,,,,,,,步枪、手榴弹等革命文物,,,,,,,,,,,庄河仙人洞抗日根据地遗址,,,,,,,,,,,,,,,,,,,,,,,,,,,,,,,,,,,,,,,,,,,,,,,,,,,,,,,,,,,,,,,,,,,,,,,,,,,,,,,,,,,,
80,红色旅游|红色场馆,,,,,,登顶可俯瞰金州城区,,,,,,,,,,红色场馆类,,,,,,,,,,,,,,,,,,,,金州南山战役遗址,,,,,,,,,,,,,,,,,,,,,,,,,,,,,,,,战壕、堡垒遗迹,,116 米,,,,,,,,,,,,,,,,,,,,,,,,,,,,,,,,,,,,,,,,,,,,,,,,,,
81,红色旅游|红色场馆,,,,,,,,,约 2 平方公里,,,,,,,红色场馆类,,,,,,,,,,,,,,,,,,,,瓦房店永宁镇抗日遗址群,,,,,,,,,,,,,,,,,,,,,,,,,,,,,,,,,,,,,,,,,,,,,,,,,,,,,,,,,,,,禁止随意挖掘,,,,,,,,,,,,,,,,,,,,,,,,
82,红色旅游|红色场馆,,乘坐地铁 1 号线至华南广场站（换乘公交 9 路至烈士陵园站）,,,,,,,,,,,,,,红色场馆类,,8 万平方米,,,,,,,,,,,大连市甘井子区中华路 20 号,,,,,,1946 年至 1950 年牺牲烈士,大连烈士陵园,,,,,,,,,,,,,7:30-17:00（夏季）、8:00-16:30（冬季）,,,,,,,,,,,,,,,,,,,,,,,,,,,,,,,,,,,,,,,,,,,,,,,,,,,,,,,,,,,,,,,,,免费,无闭馆日,,,,,
83,红色旅游|红色场馆,,,,,,,,,,,,,,,,红色场馆类,,,,,,,,,,,,,,,,,,二战时期牺牲苏联军人,,旅顺烈士陵园,,,,,,,,,,,,,,,,,,,,,,,,,,,,,,,,,,,,,,,,,,,,,,,正面 “为人民解放事业而牺牲的烈士永垂不朽”,22 米,,,,,,,,,,,,,,,,,,,,,,,,,,,,,,,,,,,,
84,红色旅游|红色场馆,,,,,,,,,,,,,,,,红色场馆类,,,,,,,,,,,,,,,,,,,,普兰店烈士陵园,,,,,,,,,,,,,7:30-17:00,,,,,,,,,,,,,,,,,,,,,,碑座刻有烈士事迹简介,1985 年,,,,,,,,,,,,,,,,,,,,,,,,,,,,,,,,,,,,,,,,,,免费向公众开放,,,,,,
85,红色旅游|红色场馆,,乘坐庄河公交 5 路至终点站（步行 500 米）,,,,,,,,,,,,,,红色场馆类,,,,,,,,,,,,,庄河市昌盛街道将军湖路 1 号,,,,,,,庄河烈士陵园,,,,,,,,,,,,,8:00-11:30、13:00-16:30（每周一闭馆）,,,,,,,,,,,,,,,,,,,,,,,,,,,,,,,,,,,,,,,,,0411-CCCCCCC,,,,,,,,,,,,,,,,,,,免费停车场（可容纳 50 辆汽车）,,,,,免费,,,,,,
86,红色旅游|红色场馆,,,,,,,,,,,,,,,,红色场馆类,,,,,,,,,,,,,,,,,,,,瓦房店烈士陵园,,,,,,,,,,,,,,,,,,,,,,,,20 位（身份未查明）,,,,可预约团体祭扫,,,,,,,,,,,,,,,,0411-ZZZZZZZ,,,,,,,,,,,,,,,,,,,,,,,,,,,,,,,,,,,,,,,,
87,红色旅游|红色场馆,,,,,,,,,,,,,,,,红色场馆类,,,,,,,,,,,,,瓦房店市五四路 38 号,,,,,,,瓦房店革命纪念馆,,,,,,,,,,,,,8:30-11:30、14:00-17:00（夏季），冬季下午提前半小时闭馆,,,,,,,,,,,,,,,可预约中文 / 英文讲解,,,,,,,,,,,,,,,,,,,,,,,,,,0411-85508110,,,,,,,,,,,,,,,,,,,,,,,,免费（需持身份证登记）,,,,,,
88,红色旅游|红色场馆,,,,,,,,,,,,,,,,红色场馆类,,,,,,,,,,,,,,,,,,开发区建设时期牺牲烈士,,大连高新园区烈士陵园,,,,,,,,2010 年,,,,,,,,,,,,,,,,,,,,,,,,,,,,,,,,,,,,,,,,,,,,,,,,,,,,,,,,,,,,,,,,,,,,,,,,,,,,
89,红色旅游|红色人物,,,,,,,,,,,,1924 年,,,1902 年,红色人物类,,,,,,,,,,,,,,,,,,,,关向应,,,,,,,,,,,,,,,,,,,,,,,,,,,,,,,,,,,,,,,,,,,,,大连金州,,,,,,,,,,,,,,,,,,,,,,,,,,延安,1946 年,,,,,,,,,,,,
90,红色旅游|红色人物,,,,,,,,,,,,1925 年,,,1907 年,红色人物类,,,,金永绪,,,,,,,,,,,,,,,,金伯阳,,,,,,,,,,,,,,,,,,,,,,,,,,,,,,,,,,,,,,,26 岁,,,,,,大连旅顺,,,,,,,,,,革命烈士（追认）,,,,,,,,,,,,,,,,,1933 年,,,,,,,,,,,,
91,红色旅游|红色人物,,,,,,,,,,,,1936 年,,,1903 年,红色人物类,,,,,,,,,,,,,,,,,,,,王永庆,,,,,,,,,,,,,,,,,,,,,,,,,,,,,,,,,,,,,,,,,,,,,大连庄河,,,,,,,,,,,,,,,,,,,,,,,,,,,1938 年,,,,,,,,,,,,
92,红色旅游|红色人物,,,,,,,,,,,,1939 年,,,1918 年,红色人物类,,,,,,,,,,,,,,,,,,,,宋学范,,,,,,,,,,,,,,,,,,,,,,,,,,,,,,,,,,,,,,,,,,,,,大连普兰店,,,,,,,,,,,,,,,,,,,,,,,,,,,1947 年,,,,,,,,,,,,
93,红色旅游|红色人物,,,,,,,,,,,,,,,1944 年,红色人物类,,,,,,,,,,,,,,,,,,,,于庆阳,,,,,,,,,,,,,,,,,,,,身负重伤仍坚持战斗至牺牲（1969 年珍宝岛战斗）,,,,,,,,,,,,,,,,,,,,,,,,,大连新金县（今普兰店）,,,,,,,,,,,,,,,,,,,,,,,,,,,1969 年,,,,,,,,,,,,
94,红色旅游|红色人物,,,,,,,,,,,,1945 年,,,1926 年,红色人物类,,,,,,,,,,,,,,,,,,,,赵桂兰,,,,,,,,,,,,,,,,,,,,,,,,,,,,,,,,,,,,,,,,,,,,,大连,,,,,,,,,,,,,,,,,,,,,,,,,,,2020 年,,,,,,,,,,,,
95,红色旅游|红色人物,,,,,,,,,,,,1925 年,,,1906 年,红色人物类,,,,,,,,,,,,,,,,,,,,魏长魁,,,,,,,,,,,,,,,,,,,,,,,,,,,,,,,,,,,,,,,,,,,,,大连金州,,,,,,,,,,,,,,,,,,,,,,,,,,,1938 年,,,,,,,,,,,,
96,红色旅游|红色人物,,,,,,,,,,,,,,,1900 年,红色人物类,,,,,,,,,,,,,,,,,,,,傅景阳,,,,,,,,,,,,,,,,,,,,,,,,,,,,,,,,,,,,,,,,,,,,,,,,,,,,,,,,,,,,,,,,,,,,,,,,1928 年,,,,,,,,,,,,
97,红色旅游|红色人物,,,,,,,,,,,,1921 年,,,1899 年,红色人物类,,,,,,,,,,,,,,,,,,,,陈为人,,,,,,,,,,,,,,,,,,,,,,,,,,,,,,,,,,,,,,,,,,,,,,,,,,,,,,,,,,,,,,,,,,,,,,长期积劳成疾,上海,1937 年,,,,,,,,,,,,
98,红色旅游|红色人物,,,,,,,,,,,,1938 年,,,1911 年,红色人物类,,,,,,,,,,,,,,,,,,,,姜培禄,,,,,,,,,,,,,,,,,,,,,,,,,,,,,,,,,,,,,,,,,,,,,大连旅顺,,,,,,,,,,,,,,,,,,,,,,,,,,,1940 年,,,,,,,,,,,,
99,红色旅游|红色人物,,,,,,,,,,,,,,,,红色人物类,,,,,,,,,,,,,,,,,,,,张振山,,,,,大连沙河口工厂（1926 年）,,,,,,,,,,,,,,,,,,,,,,,,,,,,,,,,,,,,,,,,,,,,,,,,,,,,,,,,,,,,,,,,,,,,,,,,,,,,,,,
100,红色旅游|红色人物,,,,,,,,,,,,,,,,红色人物类,,,,,,,,,,,,,,,,,,,,李淑珍,,,,,,,,,,,,,,,,,,,,,,,,,,,,,,,,,,,,,,,,,,,,,,,,,,8 岁（1894 年旅顺万忠墓事件）,,,,,,,,,,,,,,,,,,,,,,,,,,,,,,,,,,
101,红色旅游|红色人物,,,,,,,,,,,,1946 年,,,,红色人物类,,,,,,,,,,,,,,,,,,,,王福顺,,,,,,,,,,,,,,,,,,,,,,,,,,,,,,,,,,,,,,,,,,,,,,,,,,,,,,,,,,,,,,,,,,,,,,,,,,,,,,,,,,,,
102,红色旅游|红色人物,,,,,,,,,,,,,,,,红色人物类,,,,,,,,,,,,,,,,,,,,刘长胜,,,,,,,,,,,,,,,,,,,,,,,,,,,,,,,,,,,,,,,,,,,,,,,,,,,,被打伤（1925 年工人罢工期间）,,,,,,,,,,,,,,,,,,,,,,,,,,,,,,,,
103,红色旅游|红色人物,,,,,,,,,,,,,,,,红色人物类,,,,,,,,,,,,,,,,,,,,赵玉田,,,,,,,,,,,,,,,,,,,,,,,,,,,,,,,,,,,,,,,,,,,,,,,,,,,,,,,,,,,坚贞不屈（1938 年）,,,,,,,,,,,,,,,,,,,,,,,,,
104,红色旅游|红色人物,,,,,,,,,,,,,,,,红色人物类,,,,,,,,,,,,,,,,,,,,孙桂兰,,,,,,,,,,,,,,,,,,,,,,,,,,,,,,,,,,,,,,,,,,,,,,,,,,,,,,,1948 年 “支前英雄”,,,辽南军区（1948 年）,,,,,,,,,,,,,,,,,,,,,,,,,,
105,红色旅游|红色人物,,,,,,,,,,,,,参与抗日活动（1936 年）,,,红色人物类,,,,,,,,,,,,,,,,,,,,周明远,,,,,,,,,,,,,,,,,,,,,,,,,,,,,,,,,,,,,,,,,,,,,,,,,,,,,,,,1945 年,,,,,,留下监狱酷刑和反抗故事口述史料,,,,,,,,,,,,,,,,,,,,,,
106,红色旅游|历史事件,,,,,,,,,,,,,,,,历史事件类,,,,,3 万余人,,,,,1926 年 4 月 27 日,,,,,,,,,,大连 “四二七” 大罢工,,,,,,,,,,,,,,,,,,,,,101 天,,,,,,,,,,,,,,,,,,,,,,,,,,,,,,迫使资本家让步,,,,,,,,,,大连历史上最大工人罢工,,,,,,,,,,,,,,,,,,,,,,,
107,红色旅游|历史事件,,,,,约 2 万平民遇难、仅 36 人幸存（掩埋尸体）,,,,,,,,,,,历史事件类,,,,,,,,,,1894 年 11 月 21 日,,,,,,,,,,旅顺大屠杀,,,,,,,,,,,,,,,,,,,,,4 天 3 夜,,,,,,,,,,,,,,,,,,,,,,,,,,,,,,,,,,,,,,,,,,,,,,,,,,,,,,,,,,,,,,,
108,红色旅游|历史事件,,,,,约 4000 人,,,,,,,,,,,历史事件类,,,,,,,,,,1904 年,,,,,,,,,,日俄战争金州南山战役,,,,,,,,,,,,,,,,,,,,,,,,,,,,,,,,,,,,,,,,,,,,,,,,,,,,,,,,,,,,,,,,,,,,,,,,,,,,,,,,,,,,
109,红色旅游|历史事件,,,,,,,,,,,,,,,,历史事件类,,,,,,,,,,1945 年 8 月 22 日,,,,,,,,,,苏联红军进驻旅顺,,,,,,,,,,,,,,,,,,,,,,,,,,,,,,,,,,,,,,,,,,,,,,,,,,,,,,,,,,,,,,,,,,,,,,,,,,,,,,,,,,,,
110,红色旅游|历史事件,,,,,,,,,,,,,,,,历史事件类,,,,,,,,,,1945 年旅大解放后,,,,,,,,,,中共旅大地委成立,,,,,,,,,,,,,,,,,,,,,,,,,,,,,,,,,,,,,,,,,,,,,,,,,,,,,,,,,,,,,,,,,,,,,,,,,,,,,,,,,,,,
111,红色旅游|历史事件,,,,,,,,,,,,,,,,历史事件类,,,,,,,,,,1932 年,,,,,,,,,,大连地区抗日救国会被镇压,,,,,,,,,,,,,,,,,,,,,,,,,,,,,,,,,,,,,,,,,,,,,,,,,,,100 多名会员被捕、部分被杀害,,,,,,,,,,,,,,,,,,,,,,,,,,,,,,,,,
112,红色旅游|历史事件,,,,,,,,,,,,,,,,历史事件类,,,,,,,,,,,,,,至 1938 年,,,,,,庄河仙人洞抗日根据地,,,,,,,,,1935 年,,,,,,,,,,,,,,,,,,,,,,,,,,,,,,,,,,,,,,,,,,,,,,,,,,,,,,,,,,,,,,,,,,,,,,,,,,,
113,红色旅游|历史事件,,,,,,,,,,,,,,,,历史事件类,,,,,,,,,,1947 年,,,,,,,,,,普兰店攻坚战,,,,,,,,,,,,,,,,,,,,,,,,,,,,,,,,,,,,,,,,,,,,,,,,,,,,,,,,,,,,,,,,,,,,,,,,,,,,,,,,,,,,
114,红色旅游|历史事件,,,,,,,,,,,,,,,,历史事件类,,,,,,,,,,,,,,,,,,,,普兰店解放,,,,,,,,,,,,,,,,,,,,,,,,,1947 年 12 月,,,,,,,,,,,,,,,,,,,,,,,,,,,,,,,,,,,,,,,,,,,,,,,,,,,,,,,,,,,
115,红色旅游|历史事件,,,,,,,,,,,,,,,,历史事件类,,,,,,,,,,,,,,,,,,,,大连中华工学会,,,,,,,,,,,,,,,,,沙河口,300 余人,1923 年 12 月 2 日,,,,,,,,,,,,,,,,,,,,,,,,,,,,,,,,,,,,,,,,,,,,,,,,,,,,,,,,,,,,,,,,,
116,红色旅游|历史事件,,,,,,,,,,,,,,,,历史事件类,,,,,,,,,,1938 年,,,,,,,,,,大连湾抗日武装袭击,,,,,,,,,,,,,,,,,,,,,,,,,,,,,,,,,,,,,,,,,,,,,,,,,,,,,,,,,,,,,,,,,,,,,,,,,,,,,,,,,,,,
117,红色旅游|历史事件,,,,,,,,,,,,,,,,历史事件类,,,,,,,,,,,1946 年,,,,,,,,,大连首届工人代表大会,,,,,,,,,,,,,,,推动工人运动发展,,,,,,,,,,,,,,,,,,,,,,,,,,,,,,,,,,,,,,,,,,,,,,,,,,,,,,,,,,,,,,,,,,,,,
118,红色旅游|历史事件,,,,,,,,,,,,,,,,历史事件类,,,,,,,得到工人广泛支持,,,,,,,,,,,,,大连工人代表大会决议,,,,,,,,,,,,,,,,,,,,,,,,,,,,,,,,,,,,,,,,,,,,,,,,,,,,,,,,,,,,,,,,,,,,,,,,,,,,,,,,,,,,
119,红色旅游|历史事件,,,,,,,,,,,,,,,,历史事件类,,,,,,,,,,1905 年,,,,,,,,,,大连反俄运动,,,,,,,,,,,,,,罢市、游行,,,,,,,,,,,,,,,,,,,,,,,,,,,,,,,,,,,,,,,,,,,,,,,,,,,,,,,,,,,,,,,,,,,,,,
120,红色旅游|历史事件,,,,,,,,,,,,,,,,历史事件类,,,,,,,,,,,,,,,,,,,,大连反俄运动被镇压,,,,,,,,,,,,,,,,,,,,,,,,,,,,,,,,,,,,,,,,,,,,,,,,,,,100 多名参与者被捕,,,,,,,,,,,,,,,,,,,,,,,,,,,,,,,,,
121,红色旅游|历史事件,,,,,,,,,,,,,,,,历史事件类,,,,,,,,,,1936 年,,,,,,,,,,旅顺监狱越狱事件,,,,,,,,,,,,,,,,,,,,,,,,,,,,,,,,,,,,,,,,,,,,,,,,,,,,,,,,,,,,,,,,,,,,,,,,,,,,,,,,,,,,
122,红色旅游|历史事件,,,,,,,,,,,,,,,,历史事件类,,,,,,,,,,1949 年 10 月 1 日,,,,,,,,,,大连庆祝建国游行,,,,,,,,,,,,,,,,,,,,,,,,,,,,,,,,,,,,,,,,,,,,,,,,,,,,,,,,,,,,,万人参与,,,,,,,,,,,,,,,,,,,,,,,
123,红色旅游|历史事件,,,,,,,,,,,,,,,,历史事件类,,,,,数千人,,,,,,1928 年,,,,,,,,,金伯阳追悼会,,,,,,,,,,,,,,,,,,,,,,,,,,,,,,,,,,,,,,,,,,,,,,,,,,,,,,,,,,,,,,,,,,,,,,,,,,,,,,,,,,,,
124,红色旅游|红色展品,,,,,,,,国家三级文物,,,,,,,,红色展品类,,,,,,,,,,,,,,,,,,,,关向应的钢笔,,,,,,,,,,,,,,,,,,,,,,,,,,,,,黑色金属,,,,,,,,,笔尖刻有俄文字母,,,,,,,,,,,,,,,,,,,,,,,,,,,,,,,,,,,,,,,,,,,,,,
125,红色旅游|红色展品,,,,重要历史见证,,,恒温展柜,,,,,,,,,红色展品类,,,,,,,,,,,,,,,,,,,,“四二七” 大罢工传单,,,,,,,,,,,,,,,,,,,,,,,,,,,,,,,,,,,,,,,,纸张泛黄,,,,,,油印品,,,,,,,,,,,,,,,,,,,,,,,,,,,,,,,,,,,,,,
126,红色旅游|红色展品,,,,,,,,,,,,,,,,红色展品类,,,,,,,,,,,,,,,,,,,,旅顺大屠杀日军军刀,,,,当时日军步兵制式武器（经鉴定）,,,,,,,,,,,,,,,,,,,,,,,,,,,,,,,,,,刀身刻有日军番号,,,,,,,,,,,,,,,,,,,,,,,,,,,,,,,,,,,,,,,约 1 米,,,,,,,
127,红色旅游|红色展品,,,,,,,,,,,,,,,,红色展品类,,,,,,,,,,,,,,,,,,,,旅顺日俄监狱牢房铁门,,高 2 米、宽 0.8 米,,,,,,,,,,,,,,,,,,,,,,,,,,,铁制,,,,,,,,,上面有囚犯刻的 “反满抗日” 字样,,,,,,,,,,,,,,,,,,,,,,,,,,,,,,,,,,,,,,,,,,,,,,
128,红色旅游|红色展品,,,,,,,,,,,,,,,,红色展品类,,,,,,,,,,,,,,,,,,,,抗联步枪,,,,,,,,,,,,,,,,,,,,,,,,,,,,,,生产年份 “1932”,,,,,,,,枪身有多处磨损痕迹,,,,,,,,,,,,,,,,,,,,,,,,,,,,,,,,,,,,,,,,,,,,,,
129,红色旅游|红色展品,,,,,,,,,,,,,,,,红色展品类,,,,,,,,,,,,,,,,,,,,宋学范的日记本,蓝色,,,,,,,,,,,,,,,,,,,,,,,,,,1947 年 6 月 13 日（牺牲前 1 天）,,,,,,,,,,,,,,,,,,,,,,,,,,,,,,,,,,,,,,,,,,,,,,,,,,,,,,,32 页,,
130,红色旅游|红色展品,,,,,,,,,,,,,,,,红色展品类,,,,,,,,,,,,,,,铜制,,,,,苏联红军望远镜,,,,,,,,,,,,,,,,,,,,,,,,,,,,,,,,,,,,,,镜身刻有 “CCCP”（苏联缩写）标志,,,,,,,,,,,,,,,,,,,,,,,,,,,,,,,,,,,,,,完好,,,,,,,,
131,红色旅游|红色展品,,,,,,,防爆展柜,,,,,,,,,红色展品类,,,,,,,,,,,,,,,,,,,,普兰店攻坚战手榴弹,,,,,,,,,,,,,,,,,,,,,,,,,,,,,,,,,,,,,,弹体刻有 “1946” 生产年份,,未爆炸过,,,,,,木柄式,,,,,,,,,,,,,,,,,,,,,,,,,,,,,,,,,,,,,,
132,红色旅游|红色展品,,,,见证赵桂兰抗日活动,,,,,,,,,,,,红色展品类,,,,,,,,,,,,,,,,,,,,赵桂兰的工具,,,,,,,,,,,,,,,,,,,,,,,,,,,,,铁制,,,,,,,,,有明显磨损痕迹,,,,,,,,,,,钳子、扳手,,,,,,,,,,,,,,,,,,,,,,,,,,,,,,,,,,,
133,红色旅游|红色展品,,,,,,,,,,,,,,,,红色展品类,1939 年当地妇女手工缝制,,,,,,,,,,,,,,,,,,,抗日旗帜,,,,,,红布,,,,,,,,,,,,,,,,,绣有 “还我河山” 四字,,,,,,棉布,,,,,,,,,,,边缘有破损,,,,,,,,,,,,,,,,,,,,,,,,,,,,,,,,,,,,,,,,,,,,
134,红色旅游|红色展品,,,,,,,,,,,,,,,,红色展品类,,,,,,,,,,,,,,,,,,,,傅景阳的会员证,,,,,,,,,,,,,,,,大连中华工学会第一号会员证,,,,,,,,,,,,,纸质,,,,,,,,,贴有傅景阳照片、盖有工学会印章,,,,,1923 年 12 月,,,,,,,,,,,,,,,,,,,,,,,,,,,,,,,,,,,,,,,,,
135,红色旅游|红色展品,,,,,,,,,,,,,,,,红色展品类,,,,,,,,,,,,,,,,,,,,苏联红军军帽,,,,,,,红色五角星,,,,,,,,,,,,,,,,,,,,,,呢子,,,,,,,,,帽檐有磨损,,,,,,,,,,,,,,,,,,,,,,,,,,,,,,,,,,,,,,,,,,,,,,蓝色
136,红色旅游|红色展品,,,,,,,,,,,,,,,,红色展品类,,,,,,,,,,,,,,,黑色金属,,,,,抗联电台,,,,,,,,,,,,,,,,,,,,,,,,,,,,,,,,,,,,,,,,,仅用于展示（现仍能正常工作）,,,,,手摇式发报机,,,,,,,,,,,,,,,,,,,,,,,,,,,,,,,,,,,,,,
137,红色旅游|红色展品,,,,,,,,,,,,,,,,红色展品类,,,,,,,,2005 年,,,,,,,,,,,,日俄战争炮弹壳,,,,,,,,,,,,,,,,,,,,,,俄军使用的榴弹炮弹壳,,,,,,,,,,,,,,,,,,锈迹斑斑,,约 10 厘米,,,,,,,,,,,,,,,,,,,,,,,,,,,,,,,,,,,,,,,,,,
138,红色旅游|红色展品,,,,,,,,,,,,,,,,红色展品类,,,,,,,,,,,,,,,,,,,,1949 年大连庆祝建国游行横幅,,,,,,,,,,,,,,,,,,,,,,,,,,,,,,,,,,,,,,,,,,,,,,,,,,,,,,,,,,,,,,,,,,,,,,,,,,,,,,,,大连博物馆 “近代大连” 展厅,,,,
139,红色旅游|旅游服务,,,,,,,,,,,,,,约 50 公里,,旅游服务类,,,,,,,,,,,,,,,,,,,,大连红色一日游路线,,,,,,,,,,,,,,,,,,,,,,,,,,,,,,,,,,,,,,,,,,,,,,,,,,,,,,,,,,,,,,,,关向应故居纪念馆至中华工学会旧址约 40 分钟,,,,,,,,,,,,,,,,,,,,
140,红色旅游|旅游服务,,,,,,,,,,,,,,,,旅游服务类,,,,,,,,,,,,,,,,,,,,旅顺红色旅游路线,,,,,,,,,,,半天,,,,,,,,,,,,,,,,,,,,,,,,,,,,,,,,,,,,,,,,,,,,,,,,,,,,,各景点间约 15 分钟,,,,,,,,,,,,,,,,,,,,
141,红色旅游|旅游服务,,,,,,,,,,,,,,,,旅游服务类,,,,,,,,,,,,,,,,,,,,金州红色旅游路线,,,,,,,,,,,,上午参观烈士陵园和故居，下午前往南山战役遗址（登顶俯瞰金州城区）,,,,,,,,,,,,,,,,,,,,,,,,,,,,,,,,,,,,,,,,,,,,,,,,,,,,,,,历史爱好者,,,,,,,,,,,,,,,,,
142,红色旅游|旅游服务,,,,,,,,,,,,,,,,旅游服务类,,,,,,,,,,,,,,,,,,,,庄河红色二日游路线,,,,,,,,,,,,,,,,,,,,,,,,,,,,,,,,,,,,,,,,,,,,,,,,,,,,,,,,,第一天参观烈士陵园和仙人洞遗址，第二天返程,,,,,,,,,,,,,,,,,,,,,,,,,,,
143,红色旅游|旅游服务,,,,,,,,,,,,,,,,旅游服务类,,,,,,,,,,,,,,,,,,,,庄河仙人洞遗址,,,,,,,,,,,,,,,,,,,,,,,,,,,,,,,,,,,,,,,,,,,,,,,,,,,,,,,,,,,,,,,庄河市区约 50 公里,,至市区约 1 小时,,,,,,,,,,,,,,,,,,,
144,红色旅游|旅游服务,展现大连殖民历史,,,,,,,,,,,,,,,旅游服务类,,,,,,,,,,,,,,,,,,,,大连近代历史红色路线,,,,,,,,,,,,先参观博物馆了解背景，再实地探访遗址（加深理解）,,,,,,,,,,,,,,,,,,,,,,,,,,,,,,,,,,,,,,,,,,,,,,,,,,,,,,,,,,,,,,,,,,,,,,,,
145,红色旅游|旅游服务,,,,,,,,,,,,,,,,旅游服务类,,,,,,,,,,,,,,,,,,,,亲子红色旅游路线,,,,,,,,,,,,,,,,,,,,,,,,,,,,,,,,,,,,,,,,,,,,,,,,,,,,,,,,,,,,,,,,,,,,6 岁以上,,,,,,,,,,,,,,,,
146,红色旅游|旅游服务,,,,,,,,,,,,,,,,旅游服务类,,,,,,,,,,,,,,,,,,,,大连博物馆 “小小讲解员” 活动,,,,,,,,,,,,,,,,,,,,,,,,,,,,,,,,,,,,,,,,,,,,,,,,,,,,,,,,,,,,,,,,,,,,,,,,,,,,,,,,,,,提前 3 天在官网预约,
147,红色旅游|旅游服务,,,,,,,,,,,,,,,,旅游服务类,,,,,,步行（约 2 小时）,,,,,,,,,,,,,,永宁镇抗日遗址群,,,,,,,,,,,,,,,,,,,,,,,,,,,,,,,,,,,,,,,,,,,,,,,,,,,,,,,,,,,,,,,,,,,,,,,,,,,,,,,,,,,,
148,红色旅游|旅游服务,,,,,,,,,,,,,,,,旅游服务类,,,,,,,,,,,,,,,,,,,,长海县红色旅游路线,,,,,,,,,,,,,,,,,,,,,,,,,,,,,,,,,,,,,,,,,,,,,,,,,,,,,,,,,,,,,,,,,,大连港至大长山岛约 1.5 小时,,,夏季（海岛游顺道参观）,,,,,,,,,,,,,,,
149,红色旅游|旅游服务,,,,,,,,,,,,,,约 3 公里,,旅游服务类,,,,,,,,,,,,,,,,,,,,大连工人运动红色路线,,,,,,,,,,,,,,,,,,,,,,,,,,集中在沙河口区,,,,,,,,,,,,,,,,,,,,,,,,,,,,,,,,,,,,,,,,,,,,,,,,,,,,,,,,,,
150,红色旅游|旅游服务,,,,,,,,,,,,,,,,旅游服务类,,,,,,,,,,,,,,,,,,,,抗联主题红色路线,,,,,,,,,,,2 天,,,,,,,,,,,,,,,,,,,,,,,,,,,,,,,,,,,,,,,,,,,,,,第一天庄河至瓦房店，第二天瓦房店至金州,,,,,,,,,,,,,,,,,沿途可品尝当地农家菜,,,,,,,,,,
151,红色旅游|红色场馆,,乘坐金州公交 105 路至向应街道站（步行 10 分钟）,,,,,,,,,,,,,,红色场馆类,,,,,,,,,,,,,大连市金州区向应街道关家村 1 号,,,,,,,关向应故居纪念馆,,,,,,,,,,,,,9:00-16:30（每周一闭馆）,,,,,,,,,,,,,,,,,,,,,,,,,,,,,,,,,,,,,,,,,0411-66661902,,,,,,,,,,,,,,,,,,,,,,,,免费（需提前预约）,,,,,,
152,红色旅游|红色场馆,,,周边有地铁 1 号线,,,,,,,,,,,,,红色场馆类,,,,,,,,,,,,,大连市沙河口区黄河路 658 号,,,,,,,大连中华工学会旧址纪念馆,,,,,,,,,,,,,9:00-11:30、13:30-16:30（每周一闭馆）,,,,,,,,,,,,,,,,,,,,,,,,,,,,,,,,,,,,,,,,,0411 8464 8816,,,,,,,,,,,,,,,,,,,,,,,,免费（个人无需预约，团体 20 人以上需预约）,,,1923 年大连中华工学会成立历史、工人运动传单和工具,,,
153,红色旅游|红色场馆,,乘坐旅顺公交 3 路至万忠墓站（马路对面）,,,,,,,,,,,,,,红色场馆类,,,1894 年旅顺大屠杀事件,,,,,,,,,,大连市旅顺口区九三路 23 号,,,,,,,旅顺万忠墓纪念馆,,,,,,,,,,,,,8:30-16:00（冬季提前半小时闭馆）,,,,,,,,,,,,,,,,,,,,,,,,,,,,,,,,,,,,,,,,,0411 8661 2924,,,,,,,,,,,,,,,,,,,,,,,,,,,,,,
154,红色旅游|红色场馆,,,,,,,,,,,,,,,,红色场馆类,,约 5000 平方米,,,,,,,,,,,,,,,,,,瓦房店市复州城革命烈士陵园纪念馆,,,,,,,,,,,,,,,,,,,,,,,,,,,,免费讲解（需提前 3 天预约）,,,,,,,,,,,,,,,,,,,,,,,,,,,,,,,,,,,,,,,,,,,,,,,,,,,,,,,,
155,红色旅游|红色场馆,,乘坐庄河公交 1 路至烈士陵园站,,,,,,,,,,,,,,红色场馆类,,,,,,,,,,,,,,,,,,,,庄河市革命烈士陵园纪念馆,,,,,,,,,,,,,,,,,,,,,,,,,,,,,,,,,,,,,15 米,,,,,,,,,,,,,,,,,,,,,,,,,,,,,,,,,,,,,,300 多位烈士名字,,,,,,,,,
156,红色旅游|红色场馆,,乘坐金州公交 201 路至龙王庙站（步行 15 分钟）,,,,,,,,,,,,,,红色场馆类,,,,,,,,,,,,,大连市金州区友谊街道龙王庙村,,,1955 年,1200 余人（解放战争、抗美援朝金州籍烈士）,,,金州烈士陵园纪念馆,,,,,,,,,,,,,,,,,,,,,,,,,,,,接受社会各界祭扫,,,,,每年 3 月 “清明祭英烈” 活动,,,,,,,,,,,,,,,,,,,,2005 年,,,,,,,,,,,,,,,,,,,,,,,,,免费（团体需提前报备）,,,,,,
157,红色旅游|红色场馆,,,,,,,,,,,,,,,,红色场馆类,,,,,,,,,,,,,大连市沙河口区会展路 10 号（隶属于大连博物馆）,,,,,,,大连博物馆 “近代大连” 展厅,,,大连革命历史,,,,,,,,,,9:00-17:00（周一闭馆，与主馆一致）,,,,,,,,,,,,,,,,,,,,,,,,,,,,,,,,,,,,,,,,,,,,,,,,,,,,,,,,,,,,,,,,,免费（需官网预约，与主馆一致）,,,,,,
158,红色旅游|红色场馆,,乘坐旅顺公交 5 路至监狱旧址站（步行 5 分钟）,,,,,,全国重点文物保护单位,,当年牢房、刑具,,,,,,红色场馆类,,,,,,,,,,,,,大连市旅顺口区向阳街 139 号,,,,,,,旅顺日俄监狱旧址博物馆,,,,,,,,,,,,,,,,,,,,,,,,,,,,,,,,,,,,,,,,,,,,,,,,,,,,,,,,,,,,,,,,,,,,,,,,,,,,,,20 元 / 人（学生半价）,,,,,,
159,红色旅游|红色场馆,,乘坐普兰店公交 1 路、3 路至中心广场站（步行 300 米）,,,,,,,,,,,,,,红色场馆类,,,,,,,,,,,,,普兰店区中心路一段 12 号,,,,,,,普兰店区革命纪念馆,,,当地抗日斗争历史,,,,,,,,,,9:00-16:00（每周二闭馆，遇节假日顺延）,,,,,,,,,,,,,,,,,,,,,,,,,,,,,,,,,,,,,,,,,0411-83515100,,,,,,,,,普兰店火车站约 2 公里,,,,,,,,,,,,,,,,,,,,,
160,红色旅游|红色场馆,,乘坐轮渡至大长山岛,,,,,,,,,,,,,,红色场馆类,,,,,,,,,,,,,长海县大长山岛镇东山街,,,,38 位烈士,,,长海县革命烈士陵园纪念馆,,,,,,,,,,,,,,,,海岛唯一烈士陵园,,,,,,,,,,,,,,,,,每年清明节纪念活动,,,,,,,,,,,,,,,,,,,,,,,,,,,,,,,,,,,,,,,,,,,,,,,,海岛军民抗击日寇照片和实物,,,
161,红色旅游|红色场馆,,,,,,,,,,当年农具、生活用具,,,,,,红色场馆类,,,,,,,,,,,,,,,,,,,,关向应故居遗址,,,关向应成长环境,,,,,,,复建青砖瓦房,,,,,,,,,,,,,,,,,,,,,,,,,,,,,,,,,,,,,,,,,,,,,,,,,,,,,,,,,,,,,,,,,,,,,,,,,,
162,红色旅游|红色场馆,,,,,,,,,,,,,,,,红色场馆类,,,,,,,,,,,,,,,,,,,,旅顺龙王塘水库战斗遗址,,,,,,,,,,,,,,,,,,,,,,,,,,,,,,,纪念碑（记载战斗时间和参战部队）,,,,,,,,,,,,,,,,,,,,,,,,,,,,,,,,,,,,,,,,,,,,,,,,,,,,,
163,红色旅游|红色场馆,,,,,,,,,,,,,,,,红色场馆类,,,,,,,,,,,,,,,,,,,,大连湾炮台遗址,,,,,,,,,,,,,9:00-16:00,,,,,,,,,,,,,,,,,,,炮位、弹药库,,,,,,,,,,,,,,,,,,,,,,,,,,,,,,,,,,,,,,,,,,,,,,10 元 / 人,,,,,,
164,红色旅游|红色场馆,,,,,,,,,,,,,,,,红色场馆类,,,,,,,,,步枪、手榴弹等革命文物,,,,,,,,,,,庄河仙人洞抗日根据地遗址,,,,,,,,,,,,,,,,,,,,,,,,,,,,,,,,,,,,,,,,,,,,,,,,,,,,,,,,,,,,,,,,,,,,,,,,,,,,,,,,,,,,
165,红色旅游|红色场馆,,,,,,登顶可俯瞰金州城区,,,,,,,,,,红色场馆类,,,,,,,,,,,,,,,,,,,,金州南山战役遗址,,,,,,,,,,,,,,,,,,,,,,,,,,,,,,,,战壕、堡垒遗迹,,116 米,,,,,,,,,,,,,,,,,,,,,,,,,,,,,,,,,,,,,,,,,,,,,,,,,,
166,红色旅游|红色场馆,,,,,,,,,约 2 平方公里,,,,,,,红色场馆类,,,,,,,,,,,,,,,,,,,,瓦房店永宁镇抗日遗址群,,,,,,,,,,,,,,,,,,,,,,,,,,,,,,,,,,,,,,,,,,,,,,,,,,,,,,,,,,,,禁止随意挖掘,,,,,,,,,,,,,,,,,,,,,,,,
167,红色旅游|红色场馆,,乘坐地铁 1 号线至华南广场站（换乘公交 9 路至烈士陵园站）,,,,,,,,,,,,,,红色场馆类,,8 万平方米,,,,,,,,,,,大连市甘井子区中华路 20 号,,,,,,1946 年至 1950 年牺牲烈士,大连烈士陵园,,,,,,,,,,,,,7:30-17:00（夏季）、8:00-16:30（冬季）,,,,,,,,,,,,,,,,,,,,,,,,,,,,,,,,,,,,,,,,,,,,,,,,,,,,,,,,,,,,,,,,,免费,无闭馆日,,,,,
168,红色旅游|红色场馆,,,,,,,,,,,,,,,,红色场馆类,,,,,,,,,,,,,,,,,,二战时期牺牲苏联军人,,旅顺烈士陵园,,,,,,,,,,,,,,,,,,,,,,,,,,,,,,,,,,,,,,,,,,,,,,,正面 “为人民解放事业而牺牲的烈士永垂不朽”,22 米,,,,,,,,,,,,,,,,,,,,,,,,,,,,,,,,,,,,
169,红色旅游|红色场馆,,,,,,,,,,,,,,,,红色场馆类,,,,,,,,,,,,,,,,,,,,普兰店烈士陵园,,,,,,,,,,,,,7:30-17:00,,,,,,,,,,,,,,,,,,,,,,碑座刻有烈士事迹简介,1985 年,,,,,,,,,,,,,,,,,,,,,,,,,,,,,,,,,,,,,,,,,,免费向公众开放,,,,,,
170,红色旅游|红色场馆,,乘坐庄河公交 5 路至终点站（步行 500 米）,,,,,,,,,,,,,,红色场馆类,,,,,,,,,,,,,庄河市昌盛街道将军湖路 1 号,,,,,,,庄河烈士陵园,,,,,,,,,,,,,8:00-11:30、13:00-16:30（每周一闭馆）,,,,,,,,,,,,,,,,,,,,,,,,,,,,,,,,,,,,,,,,,0411-CCCCCCC,,,,,,,,,,,,,,,,,,,免费停车场（可容纳 50 辆汽车）,,,,,免费,,,,,,
171,红色旅游|红色场馆,,,,,,,,,,,,,,,,红色场馆类,,,,,,,,,,,,,,,,,,,,瓦房店烈士陵园,,,,,,,,,,,,,,,,,,,,,,,,20 位（身份未查明）,,,,可预约团体祭扫,,,,,,,,,,,,,,,,0411-ZZZZZZZ,,,,,,,,,,,,,,,,,,,,,,,,,,,,,,,,,,,,,,,,
172,红色旅游|红色场馆,,,,,,,,,,,,,,,,红色场馆类,,,,,,,,,,,,,瓦房店市五四路 38 号,,,,,,,瓦房店革命纪念馆,,,,,,,,,,,,,8:30-11:30、14:00-17:00（夏季），冬季下午提前半小时闭馆,,,,,,,,,,,,,,,可预约中文 / 英文讲解,,,,,,,,,,,,,,,,,,,,,,,,,,0411-85508110,,,,,,,,,,,,,,,,,,,,,,,,免费（需持身份证登记）,,,,,,
173,红色旅游|红色场馆,,,,,,,,,,,,,,,,红色场馆类,,,,,,,,,,,,,,,,,,开发区建设时期牺牲烈士,,大连高新园区烈士陵园,,,,,,,,2010 年,,,,,,,,,,,,,,,,,,,,,,,,,,,,,,,,,,,,,,,,,,,,,,,,,,,,,,,,,,,,,,,,,,,,,,,,,,,,
174,红色旅游|红色人物,,,,,,,,,,,,1924 年,,,1902 年,红色人物类,,,,,,,,,,,,,,,,,,,,关向应,,,,,,,,,,,,,,,,,,,,,,,,,,,,,,,,,,,,,,,,,,,,,大连金州,,,,,,,,,,,,,,,,,,,,,,,,,,延安,1946 年,,,,,,,,,,,,
175,红色旅游|红色人物,,,,,,,,,,,,1925 年,,,1907 年,红色人物类,,,,金永绪,,,,,,,,,,,,,,,,金伯阳,,,,,,,,,,,,,,,,,,,,,,,,,,,,,,,,,,,,,,,26 岁,,,,,,大连旅顺,,,,,,,,,,革命烈士（追认）,,,,,,,,,,,,,,,,,1933 年,,,,,,,,,,,,
176,红色旅游|红色人物,,,,,,,,,,,,1936 年,,,1903 年,红色人物类,,,,,,,,,,,,,,,,,,,,王永庆,,,,,,,,,,,,,,,,,,,,,,,,,,,,,,,,,,,,,,,,,,,,,大连庄河,,,,,,,,,,,,,,,,,,,,,,,,,,,1938 年,,,,,,,,,,,,
177,红色旅游|红色人物,,,,,,,,,,,,1939 年,,,1918 年,红色人物类,,,,,,,,,,,,,,,,,,,,宋学范,,,,,,,,,,,,,,,,,,,,,,,,,,,,,,,,,,,,,,,,,,,,,大连普兰店,,,,,,,,,,,,,,,,,,,,,,,,,,,1947 年,,,,,,,,,,,,
178,红色旅游|红色人物,,,,,,,,,,,,,,,1944 年,红色人物类,,,,,,,,,,,,,,,,,,,,于庆阳,,,,,,,,,,,,,,,,,,,,身负重伤仍坚持战斗至牺牲（1969 年珍宝岛战斗）,,,,,,,,,,,,,,,,,,,,,,,,,大连新金县（今普兰店）,,,,,,,,,,,,,,,,,,,,,,,,,,,1969 年,,,,,,,,,,,,
179,红色旅游|红色人物,,,,,,,,,,,,1945 年,,,1926 年,红色人物类,,,,,,,,,,,,,,,,,,,,赵桂兰,,,,,,,,,,,,,,,,,,,,,,,,,,,,,,,,,,,,,,,,,,,,,大连,,,,,,,,,,,,,,,,,,,,,,,,,,,2020 年,,,,,,,,,,,,
180,红色旅游|红色人物,,,,,,,,,,,,1925 年,,,1906 年,红色人物类,,,,,,,,,,,,,,,,,,,,魏长魁,,,,,,,,,,,,,,,,,,,,,,,,,,,,,,,,,,,,,,,,,,,,,大连金州,,,,,,,,,,,,,,,,,,,,,,,,,,,1938 年,,,,,,,,,,,,
181,红色旅游|红色人物,,,,,,,,,,,,,,,1900 年,红色人物类,,,,,,,,,,,,,,,,,,,,傅景阳,,,,,,,,,,,,,,,,,,,,,,,,,,,,,,,,,,,,,,,,,,,,,,,,,,,,,,,,,,,,,,,,,,,,,,,,1928 年,,,,,,,,,,,,
182,红色旅游|红色人物,,,,,,,,,,,,1921 年,,,1899 年,红色人物类,,,,,,,,,,,,,,,,,,,,陈为人,,,,,,,,,,,,,,,,,,,,,,,,,,,,,,,,,,,,,,,,,,,,,,,,,,,,,,,,,,,,,,,,,,,,,,长期积劳成疾,上海,1937 年,,,,,,,,,,,,
183,红色旅游|红色人物,,,,,,,,,,,,1938 年,,,1911 年,红色人物类,,,,,,,,,,,,,,,,,,,,姜培禄,,,,,,,,,,,,,,,,,,,,,,,,,,,,,,,,,,,,,,,,,,,,,大连旅顺,,,,,,,,,,,,,,,,,,,,,,,,,,,1940 年,,,,,,,,,,,,
184,红色旅游|红色人物,,,,,,,,,,,,,,,,红色人物类,,,,,,,,,,,,,,,,,,,,张振山,,,,,大连沙河口工厂（1926 年）,,,,,,,,,,,,,,,,,,,,,,,,,,,,,,,,,,,,,,,,,,,,,,,,,,,,,,,,,,,,,,,,,,,,,,,,,,,,,,,
185,红色旅游|红色人物,,,,,,,,,,,,,,,,红色人物类,,,,,,,,,,,,,,,,,,,,李淑珍,,,,,,,,,,,,,,,,,,,,,,,,,,,,,,,,,,,,,,,,,,,,,,,,,,8 岁（1894 年旅顺万忠墓事件）,,,,,,,,,,,,,,,,,,,,,,,,,,,,,,,,,,
186,红色旅游|红色人物,,,,,,,,,,,,1946 年,,,,红色人物类,,,,,,,,,,,,,,,,,,,,王福顺,,,,,,,,,,,,,,,,,,,,,,,,,,,,,,,,,,,,,,,,,,,,,,,,,,,,,,,,,,,,,,,,,,,,,,,,,,,,,,,,,,,,
187,红色旅游|红色人物,,,,,,,,,,,,,,,,红色人物类,,,,,,,,,,,,,,,,,,,,刘长胜,,,,,,,,,,,,,,,,,,,,,,,,,,,,,,,,,,,,,,,,,,,,,,,,,,,,被打伤（1925 年工人罢工期间）,,,,,,,,,,,,,,,,,,,,,,,,,,,,,,,,
188,红色旅游|红色人物,,,,,,,,,,,,,,,,红色人物类,,,,,,,,,,,,,,,,,,,,赵玉田,,,,,,,,,,,,,,,,,,,,,,,,,,,,,,,,,,,,,,,,,,,,,,,,,,,,,,,,,,,坚贞不屈（1938 年）,,,,,,,,,,,,,,,,,,,,,,,,,
189,红色旅游|红色人物,,,,,,,,,,,,,,,,红色人物类,,,,,,,,,,,,,,,,,,,,孙桂兰,,,,,,,,,,,,,,,,,,,,,,,,,,,,,,,,,,,,,,,,,,,,,,,,,,,,,,,1948 年 “支前英雄”,,,辽南军区（1948 年）,,,,,,,,,,,,,,,,,,,,,,,,,,
190,红色旅游|红色人物,,,,,,,,,,,,,参与抗日活动（1936 年）,,,红色人物类,,,,,,,,,,,,,,,,,,,,周明远,,,,,,,,,,,,,,,,,,,,,,,,,,,,,,,,,,,,,,,,,,,,,,,,,,,,,,,,1945 年,,,,,,留下监狱酷刑和反抗故事口述史料,,,,,,,,,,,,,,,,,,,,,,
191,红色旅游|历史事件,,,,,,,,,,,,,,,,历史事件类,,,,,3 万余人,,,,,1926 年 4 月 27 日,,,,,,,,,,大连 “四二七” 大罢工,,,,,,,,,,,,,,,,,,,,,101 天,,,,,,,,,,,,,,,,,,,,,,,,,,,,,,迫使资本家让步,,,,,,,,,,大连历史上最大工人罢工,,,,,,,,,,,,,,,,,,,,,,,
192,红色旅游|历史事件,,,,,约 2 万平民遇难、仅 36 人幸存（掩埋尸体）,,,,,,,,,,,历史事件类,,,,,,,,,,1894 年 11 月 21 日,,,,,,,,,,旅顺大屠杀,,,,,,,,,,,,,,,,,,,,,4 天 3 夜,,,,,,,,,,,,,,,,,,,,,,,,,,,,,,,,,,,,,,,,,,,,,,,,,,,,,,,,,,,,,,,
193,红色旅游|历史事件,,,,,约 4000 人,,,,,,,,,,,历史事件类,,,,,,,,,,1904 年,,,,,,,,,,日俄战争金州南山战役,,,,,,,,,,,,,,,,,,,,,,,,,,,,,,,,,,,,,,,,,,,,,,,,,,,,,,,,,,,,,,,,,,,,,,,,,,,,,,,,,,,,
194,红色旅游|历史事件,,,,,,,,,,,,,,,,历史事件类,,,,,,,,,,1945 年 8 月 22 日,,,,,,,,,,苏联红军进驻旅顺,,,,,,,,,,,,,,,,,,,,,,,,,,,,,,,,,,,,,,,,,,,,,,,,,,,,,,,,,,,,,,,,,,,,,,,,,,,,,,,,,,,,
195,红色旅游|历史事件,,,,,,,,,,,,,,,,历史事件类,,,,,,,,,,1945 年旅大解放后,,,,,,,,,,中共旅大地委成立,,,,,,,,,,,,,,,,,,,,,,,,,,,,,,,,,,,,,,,,,,,,,,,,,,,,,,,,,,,,,,,,,,,,,,,,,,,,,,,,,,,,
196,红色旅游|历史事件,,,,,,,,,,,,,,,,历史事件类,,,,,,,,,,1932 年,,,,,,,,,,大连地区抗日救国会被镇压,,,,,,,,,,,,,,,,,,,,,,,,,,,,,,,,,,,,,,,,,,,,,,,,,,,100 多名会员被捕、部分被杀害,,,,,,,,,,,,,,,,,,,,,,,,,,,,,,,,,
197,红色旅游|历史事件,,,,,,,,,,,,,,,,历史事件类,,,,,,,,,,,,,,至 1938 年,,,,,,庄河仙人洞抗日根据地,,,,,,,,,1935 年,,,,,,,,,,,,,,,,,,,,,,,,,,,,,,,,,,,,,,,,,,,,,,,,,,,,,,,,,,,,,,,,,,,,,,,,,,,
198,红色旅游|历史事件,,,,,,,,,,,,,,,,历史事件类,,,,,,,,,,1947 年,,,,,,,,,,普兰店攻坚战,,,,,,,,,,,,,,,,,,,,,,,,,,,,,,,,,,,,,,,,,,,,,,,,,,,,,,,,,,,,,,,,,,,,,,,,,,,,,,,,,,,,
199,红色旅游|历史事件,,,,,,,,,,,,,,,,历史事件类,,,,,,,,,,,,,,,,,,,,普兰店解放,,,,,,,,,,,,,,,,,,,,,,,,,1947 年 12 月,,,,,,,,,,,,,,,,,,,,,,,,,,,,,,,,,,,,,,,,,,,,,,,,,,,,,,,,,,,
200,红色旅游|历史事件,,,,,,,,,,,,,,,,历史事件类,,,,,,,,,,,,,,,,,,,,大连中华工学会,,,,,,,,,,,,,,,,,沙河口,300 余人,1923 年 12 月 2 日,,,,,,,,,,,,,,,,,,,,,,,,,,,,,,,,,,,,,,,,,,,,,,,,,,,,,,,,,,,,,,,,,
201,红色旅游|历史事件,,,,,,,,,,,,,,,,历史事件类,,,,,,,,,,1938 年,,,,,,,,,,大连湾抗日武装袭击,,,,,,,,,,,,,,,,,,,,,,,,,,,,,,,,,,,,,,,,,,,,,,,,,,,,,,,,,,,,,,,,,,,,,,,,,,,,,,,,,,,,
202,红色旅游|历史事件,,,,,,,,,,,,,,,,历史事件类,,,,,,,,,,,1946 年,,,,,,,,,大连首届工人代表大会,,,,,,,,,,,,,,,推动工人运动发展,,,,,,,,,,,,,,,,,,,,,,,,,,,,,,,,,,,,,,,,,,,,,,,,,,,,,,,,,,,,,,,,,,,,,
203,红色旅游|历史事件,,,,,,,,,,,,,,,,历史事件类,,,,,,,得到工人广泛支持,,,,,,,,,,,,,大连工人代表大会决议,,,,,,,,,,,,,,,,,,,,,,,,,,,,,,,,,,,,,,,,,,,,,,,,,,,,,,,,,,,,,,,,,,,,,,,,,,,,,,,,,,,,
204,红色旅游|历史事件,,,,,,,,,,,,,,,,历史事件类,,,,,,,,,,1905 年,,,,,,,,,,大连反俄运动,,,,,,,,,,,,,,罢市、游行,,,,,,,,,,,,,,,,,,,,,,,,,,,,,,,,,,,,,,,,,,,,,,,,,,,,,,,,,,,,,,,,,,,,,,
205,红色旅游|历史事件,,,,,,,,,,,,,,,,历史事件类,,,,,,,,,,,,,,,,,,,,大连反俄运动被镇压,,,,,,,,,,,,,,,,,,,,,,,,,,,,,,,,,,,,,,,,,,,,,,,,,,,100 多名参与者被捕,,,,,,,,,,,,,,,,,,,,,,,,,,,,,,,,,
206,红色旅游|历史事件,,,,,,,,,,,,,,,,历史事件类,,,,,,,,,,1936 年,,,,,,,,,,旅顺监狱越狱事件,,,,,,,,,,,,,,,,,,,,,,,,,,,,,,,,,,,,,,,,,,,,,,,,,,,,,,,,,,,,,,,,,,,,,,,,,,,,,,,,,,,,
207,红色旅游|历史事件,,,,,,,,,,,,,,,,历史事件类,,,,,,,,,,1949 年 10 月 1 日,,,,,,,,,,大连庆祝建国游行,,,,,,,,,,,,,,,,,,,,,,,,,,,,,,,,,,,,,,,,,,,,,,,,,,,,,,,,,,,,,万人参与,,,,,,,,,,,,,,,,,,,,,,,
208,红色旅游|历史事件,,,,,,,,,,,,,,,,历史事件类,,,,,数千人,,,,,,1928 年,,,,,,,,,金伯阳追悼会,,,,,,,,,,,,,,,,,,,,,,,,,,,,,,,,,,,,,,,,,,,,,,,,,,,,,,,,,,,,,,,,,,,,,,,,,,,,,,,,,,,,
209,红色旅游|红色展品,,,,,,,,国家三级文物,,,,,,,,红色展品类,,,,,,,,,,,,,,,,,,,,关向应的钢笔,,,,,,,,,,,,,,,,,,,,,,,,,,,,,黑色金属,,,,,,,,,笔尖刻有俄文字母,,,,,,,,,,,,,,,,,,,,,,,,,,,,,,,,,,,,,,,,,,,,,,
210,红色旅游|红色展品,,,,重要历史见证,,,恒温展柜,,,,,,,,,红色展品类,,,,,,,,,,,,,,,,,,,,“四二七” 大罢工传单,,,,,,,,,,,,,,,,,,,,,,,,,,,,,,,,,,,,,,,,纸张泛黄,,,,,,油印品,,,,,,,,,,,,,,,,,,,,,,,,,,,,,,,,,,,,,,
211,红色旅游|红色展品,,,,,,,,,,,,,,,,红色展品类,,,,,,,,,,,,,,,,,,,,旅顺大屠杀日军军刀,,,,当时日军步兵制式武器（经鉴定）,,,,,,,,,,,,,,,,,,,,,,,,,,,,,,,,,,刀身刻有日军番号,,,,,,,,,,,,,,,,,,,,,,,,,,,,,,,,,,,,,,,约 1 米,,,,,,,
212,红色旅游|红色展品,,,,,,,,,,,,,,,,红色展品类,,,,,,,,,,,,,,,,,,,,旅顺日俄监狱牢房铁门,,高 2 米、宽 0.8 米,,,,,,,,,,,,,,,,,,,,,,,,,,,铁制,,,,,,,,,上面有囚犯刻的 “反满抗日” 字样,,,,,,,,,,,,,,,,,,,,,,,,,,,,,,,,,,,,,,,,,,,,,,
213,红色旅游|红色展品,,,,,,,,,,,,,,,,红色展品类,,,,,,,,,,,,,,,,,,,,抗联步枪,,,,,,,,,,,,,,,,,,,,,,,,,,,,,,生产年份 “1932”,,,,,,,,枪身有多处磨损痕迹,,,,,,,,,,,,,,,,,,,,,,,,,,,,,,,,,,,,,,,,,,,,,,
214,红色旅游|红色展品,,,,,,,,,,,,,,,,红色展品类,,,,,,,,,,,,,,,,,,,,宋学范的日记本,蓝色,,,,,,,,,,,,,,,,,,,,,,,,,,1947 年 6 月 13 日（牺牲前 1 天）,,,,,,,,,,,,,,,,,,,,,,,,,,,,,,,,,,,,,,,,,,,,,,,,,,,,,,,32 页,,
215,红色旅游|红色展品,,,,,,,,,,,,,,,,红色展品类,,,,,,,,,,,,,,,铜制,,,,,苏联红军望远镜,,,,,,,,,,,,,,,,,,,,,,,,,,,,,,,,,,,,,,镜身刻有 “CCCP”（苏联缩写）标志,,,,,,,,,,,,,,,,,,,,,,,,,,,,,,,,,,,,,,完好,,,,,,,,
216,红色旅游|红色展品,,,,,,,防爆展柜,,,,,,,,,红色展品类,,,,,,,,,,,,,,,,,,,,普兰店攻坚战手榴弹,,,,,,,,,,,,,,,,,,,,,,,,,,,,,,,,,,,,,,弹体刻有 “1946” 生产年份,,未爆炸过,,,,,,木柄式,,,,,,,,,,,,,,,,,,,,,,,,,,,,,,,,,,,,,,
217,红色旅游|红色展品,,,,见证赵桂兰抗日活动,,,,,,,,,,,,红色展品类,,,,,,,,,,,,,,,,,,,,赵桂兰的工具,,,,,,,,,,,,,,,,,,,,,,,,,,,,,铁制,,,,,,,,,有明显磨损痕迹,,,,,,,,,,,钳子、扳手,,,,,,,,,,,,,,,,,,,,,,,,,,,,,,,,,,,
218,红色旅游|红色展品,,,,,,,,,,,,,,,,红色展品类,1939 年当地妇女手工缝制,,,,,,,,,,,,,,,,,,,抗日旗帜,,,,,,红布,,,,,,,,,,,,,,,,,绣有 “还我河山” 四字,,,,,,棉布,,,,,,,,,,,边缘有破损,,,,,,,,,,,,,,,,,,,,,,,,,,,,,,,,,,,,,,,,,,,,
219,红色旅游|红色展品,,,,,,,,,,,,,,,,红色展品类,,,,,,,,,,,,,,,,,,,,傅景阳的会员证,,,,,,,,,,,,,,,,大连中华工学会第一号会员证,,,,,,,,,,,,,纸质,,,,,,,,,贴有傅景阳照片、盖有工学会印章,,,,,1923 年 12 月,,,,,,,,,,,,,,,,,,,,,,,,,,,,,,,,,,,,,,,,,
220,红色旅游|红色展品,,,,,,,,,,,,,,,,红色展品类,,,,,,,,,,,,,,,,,,,,苏联红军军帽,,,,,,,红色五角星,,,,,,,,,,,,,,,,,,,,,,呢子,,,,,,,,,帽檐有磨损,,,,,,,,,,,,,,,,,,,,,,,,,,,,,,,,,,,,,,,,,,,,,,蓝色
221,红色旅游|红色展品,,,,,,,,,,,,,,,,红色展品类,,,,,,,,,,,,,,,黑色金属,,,,,抗联电台,,,,,,,,,,,,,,,,,,,,,,,,,,,,,,,,,,,,,,,,,仅用于展示（现仍能正常工作）,,,,,手摇式发报机,,,,,,,,,,,,,,,,,,,,,,,,,,,,,,,,,,,,,,
222,红色旅游|红色展品,,,,,,,,,,,,,,,,红色展品类,,,,,,,,2005 年,,,,,,,,,,,,日俄战争炮弹壳,,,,,,,,,,,,,,,,,,,,,,俄军使用的榴弹炮弹壳,,,,,,,,,,,,,,,,,,锈迹斑斑,,约 10 厘米,,,,,,,,,,,,,,,,,,,,,,,,,,,,,,,,,,,,,,,,,,
223,红色旅游|红色展品,,,,,,,,,,,,,,,,红色展品类,,,,,,,,,,,,,,,,,,,,1949 年大连庆祝建国游行横幅,,,,,,,,,,,,,,,,,,,,,,,,,,,,,,,,,,,,,,,,,,,,,,,,,,,,,,,,,,,,,,,,,,,,,,,,,,,,,,,,大连博物馆 “近代大连” 展厅,,,,
224,红色旅游|旅游服务,,,,,,,,,,,,,,约 50 公里,,旅游服务类,,,,,,,,,,,,,,,,,,,,大连红色一日游路线,,,,,,,,,,,,,,,,,,,,,,,,,,,,,,,,,,,,,,,,,,,,,,,,,,,,,,,,,,,,,,,,关向应故居纪念馆至中华工学会旧址约 40 分钟,,,,,,,,,,,,,,,,,,,,
225,红色旅游|旅游服务,,,,,,,,,,,,,,,,旅游服务类,,,,,,,,,,,,,,,,,,,,旅顺红色旅游路线,,,,,,,,,,,半天,,,,,,,,,,,,,,,,,,,,,,,,,,,,,,,,,,,,,,,,,,,,,,,,,,,,,各景点间约 15 分钟,,,,,,,,,,,,,,,,,,,,
226,红色旅游|旅游服务,,,,,,,,,,,,,,,,旅游服务类,,,,,,,,,,,,,,,,,,,,金州红色旅游路线,,,,,,,,,,,,上午参观烈士陵园和故居，下午前往南山战役遗址（登顶俯瞰金州城区）,,,,,,,,,,,,,,,,,,,,,,,,,,,,,,,,,,,,,,,,,,,,,,,,,,,,,,,历史爱好者,,,,,,,,,,,,,,,,,
227,红色旅游|旅游服务,,,,,,,,,,,,,,,,旅游服务类,,,,,,,,,,,,,,,,,,,,庄河红色二日游路线,,,,,,,,,,,,,,,,,,,,,,,,,,,,,,,,,,,,,,,,,,,,,,,,,,,,,,,,,第一天参观烈士陵园和仙人洞遗址，第二天返程,,,,,,,,,,,,,,,,,,,,,,,,,,,
228,红色旅游|旅游服务,,,,,,,,,,,,,,,,旅游服务类,,,,,,,,,,,,,,,,,,,,庄河仙人洞遗址,,,,,,,,,,,,,,,,,,,,,,,,,,,,,,,,,,,,,,,,,,,,,,,,,,,,,,,,,,,,,,,庄河市区约 50 公里,,至市区约 1 小时,,,,,,,,,,,,,,,,,,,
229,红色旅游|旅游服务,展现大连殖民历史,,,,,,,,,,,,,,,旅游服务类,,,,,,,,,,,,,,,,,,,,大连近代历史红色路线,,,,,,,,,,,,先参观博物馆了解背景，再实地探访遗址（加深理解）,,,,,,,,,,,,,,,,,,,,,,,,,,,,,,,,,,,,,,,,,,,,,,,,,,,,,,,,,,,,,,,,,,,,,,,,
230,红色旅游|旅游服务,,,,,,,,,,,,,,,,旅游服务类,,,,,,,,,,,,,,,,,,,,亲子红色旅游路线,,,,,,,,,,,,,,,,,,,,,,,,,,,,,,,,,,,,,,,,,,,,,,,,,,,,,,,,,,,,,,,,,,,,6 岁以上,,,,,,,,,,,,,,,,
231,红色旅游|旅游服务,,,,,,,,,,,,,,,,旅游服务类,,,,,,,,,,,,,,,,,,,,大连博物馆 “小小讲解员” 活动,,,,,,,,,,,,,,,,,,,,,,,,,,,,,,,,,,,,,,,,,,,,,,,,,,,,,,,,,,,,,,,,,,,,,,,,,,,,,,,,,,,提前 3 天在官网预约,
232,红色旅游|旅游服务,,,,,,,,,,,,,,,,旅游服务类,,,,,,步行（约 2 小时）,,,,,,,,,,,,,,永宁镇抗日遗址群,,,,,,,,,,,,,,,,,,,,,,,,,,,,,,,,,,,,,,,,,,,,,,,,,,,,,,,,,,,,,,,,,,,,,,,,,,,,,,,,,,,,
233,红色旅游|旅游服务,,,,,,,,,,,,,,,,旅游服务类,,,,,,,,,,,,,,,,,,,,长海县红色旅游路线,,,,,,,,,,,,,,,,,,,,,,,,,,,,,,,,,,,,,,,,,,,,,,,,,,,,,,,,,,,,,,,,,,大连港至大长山岛约 1.5 小时,,,夏季（海岛游顺道参观）,,,,,,,,,,,,,,,
234,红色旅游|旅游服务,,,,,,,,,,,,,,约 3 公里,,旅游服务类,,,,,,,,,,,,,,,,,,,,大连工人运动红色路线,,,,,,,,,,,,,,,,,,,,,,,,,,集中在沙河口区,,,,,,,,,,,,,,,,,,,,,,,,,,,,,,,,,,,,,,,,,,,,,,,,,,,,,,,,,,
235,红色旅游|旅游服务,,,,,,,,,,,,,,,,旅游服务类,,,,,,,,,,,,,,,,,,,,抗联主题红色路线,,,,,,,,,,,2 天,,,,,,,,,,,,,,,,,,,,,,,,,,,,,,,,,,,,,,,,,,,,,,第一天庄河至瓦房店，第二天瓦房店至金州,,,,,,,,,,,,,,,,,沿途可品尝当地农家菜,,,,,,,,,,
236,红色旅游|红色场馆,,,,,,,,,,,,,,,,,,,,,,,,,,,,,,,,,,,,大连市金州区向应街道关家村,,,,,,,,,,,,,,,,,,,,,,,,,,,,,,,,,,,,,,,,,,,,,,,,,,,,,,,,,,,,,,,,,,,,,,,,,,,,,,,,,,,,
237,红色旅游|红色场馆,,,,,,,,,,,,,,,,,,,,,,,,,,,,,,,,,,,,金州站,,,,,,,,,,,,,,,,,,,,,,,,,,,,,,,,,,,,,,,,,,,,,,,,,,,,,,,,,,,,,,,,,,,,,,,,,,,,,,,,,,,,
238,红色旅游|红色场馆,,,,,,,,,,,,,,,,,,,,,,,,,,,,,,,,,,,,大连市沙河口区,,,,,,,,,,,,,,,,,,,,,,,,,,,,,,,,,,,,,,,,,,,,,,,,,,,,,,,,,,,,,,,,,,,,,,,,,,,,,,,,,,,,
239,红色旅游|红色场馆,,,,,,,,,,,,,,,,,,,,,,,,,,,,,,,,,,,,沙河口区黄河路,,,,,,,,,,,,,,,,,,,,,,,,,,,,,,,,,,,,,,,,,,,,,,,,,,,,,,,,,,,,,,,,,,,,,,,,,,,,,,,,,,,,
240,红色旅游|红色场馆,,,,,,,,,,,,,,,,,,,,,,,,,,,,,,,,,,,,旅顺口区九三路,,,,,,,,,,,,,,,,,,,,,,,,,,,,,,,,,,,,,,,,,,,,,,,,,,,,,,,,,,,,,,,,,,,,,,,,,,,,,,,,,,,,
241,红色旅游|红色场馆,,,,,,,,,,,,,,,,,,,,,,,,,,,,,,,,,,,,旅顺火车站,,,,,,,,,,,,,,,,,,,,,,,,,,,,,,,,,,,,,,,,,,,,,,,,,,,,,,,,,,,,,,,,,,,,,,,,,,,,,,,,,,,,
242,红色旅游|红色场馆,,,,,,,,,,,,,,,,,,,,,,,,,,,,,,,,,,,,解放战争时期烈士,,,,,,,,,,,,,,,,,,,,,,,,,,,,,,,,,,,,,,,,,,,,,,,,,,,,,,,,,,,,,,,,,,,,,,,,,,,,,,,,,,,,
243,红色旅游|红色场馆,,,,,,,,,,,,,,,,,,,,,,,,,,,,,,,,,,,,烈士纪念碑,,,,,,,,,,,,,,,,,,,,,,,,,,,,,,,,,,,,,,,,,,,,,,,,,,,,,,,,,,,,,,,,,,,,,,,,,,,,,,,,,,,,
244,红色旅游|红色场馆,,,,,,,,,,,,,,,,,,,,,,,,,,,,,,,,,,,,庄河公交 1 路烈士陵园站,,,,,,,,,,,,,,,,,,,,,,,,,,,,,,,,,,,,,,,,,,,,,,,,,,,,,,,,,,,,,,,,,,,,,,,,,,,,,,,,,,,,
245,红色旅游|红色场馆,,,,,,,,,,,,,,,,,,,,,,,,,,,,,,,,,,,,解放战争时期金州籍烈士,,,,,,,,,,,,,,,,,,,,,,,,,,,,,,,,,,,,,,,,,,,,,,,,,,,,,,,,,,,,,,,,,,,,,,,,,,,,,,,,,,,,
246,红色旅游|红色场馆,,,,,,,,,,,,,,,,,,,,,,,,,,,,,,,,,,,,抗美援朝时期金州籍烈士,,,,,,,,,,,,,,,,,,,,,,,,,,,,,,,,,,,,,,,,,,,,,,,,,,,,,,,,,,,,,,,,,,,,,,,,,,,,,,,,,,,,
247,红色旅游|红色场馆,,,,,,,,,,,,,,,,,,,,,,,,,,,,,,,,,,,,大连博物馆,,,,,,,,,,,,,,,,,,,,,,,,,,,,,,,,,,,,,,,,,,,,,,,,,,,,,,,,,,,,,,,,,,,,,,,,,,,,,,,,,,,,
248,红色旅游|红色场馆,,,,,,,,,,,,,,,,,,,,,,,,,,,,,,,,,,,,沙俄监狱（1902 年建成）,,,,,,,,,,,,,,,,,,,,,,,,,,,,,,,,,,,,,,,,,,,,,,,,,,,,,,,,,,,,,,,,,,,,,,,,,,,,,,,,,,,,
249,红色旅游|红色场馆,,,,,,,,,,,,,,,,,,,,,,,,,,,,,,,,,,,,普兰店市中心,,,,,,,,,,,,,,,,,,,,,,,,,,,,,,,,,,,,,,,,,,,,,,,,,,,,,,,,,,,,,,,,,,,,,,,,,,,,,,,,,,,,
250,红色旅游|红色场馆,,,,,,,,,,,,,,,,,,,,,,,,,,,,,,,,,,,,停车场（3 个）,,,,,,,,,,,,,,,,,,,,,,,,,,,,,,,,,,,,,,,,,,,,,,,,,,,,,,,,,,,,,,,,,,,,,,,,,,,,,,,,,,,,
251,红色旅游|红色场馆,,,,,,,,,,,,,,,,,,,,,,,,,,,,,,,,,,,,大长山岛,,,,,,,,,,,,,,,,,,,,,,,,,,,,,,,,,,,,,,,,,,,,,,,,,,,,,,,,,,,,,,,,,,,,,,,,,,,,,,,,,,,,
252,红色旅游|红色场馆,,,,,,,,,,,,,,,,,,,,,,,,,,,,,,,,,,,,海岛抗日烈士,,,,,,,,,,,,,,,,,,,,,,,,,,,,,,,,,,,,,,,,,,,,,,,,,,,,,,,,,,,,,,,,,,,,,,,,,,,,,,,,,,,,
253,红色旅游|红色场馆,,,,,,,,,,,,,,,,,,,,,,,,,,,,,,,,,,,,苏联红军解放旅顺战场,,,,,,,,,,,,,,,,,,,,,,,,,,,,,,,,,,,,,,,,,,,,,,,,,,,,,,,,,,,,,,,,,,,,,,,,,,,,,,,,,,,,
254,红色旅游|红色场馆,,,,,,,,,,,,,,,,,,,,,,,,,,,,,,,,,,,,甲午战争海防工事,,,,,,,,,,,,,,,,,,,,,,,,,,,,,,,,,,,,,,,,,,,,,,,,,,,,,,,,,,,,,,,,,,,,,,,,,,,,,,,,,,,,
255,红色旅游|红色场馆,,,,,,,,,,,,,,,,,,,,,,,,,,,,,,,,,,,,东北抗日联军活动地点,,,,,,,,,,,,,,,,,,,,,,,,,,,,,,,,,,,,,,,,,,,,,,,,,,,,,,,,,,,,,,,,,,,,,,,,,,,,,,,,,,,,
256,红色旅游|红色场馆,,,,,,,,,,,,,,,,,,,,,,,,,,,,,,,,,,,,庄河市仙人洞镇,,,,,,,,,,,,,,,,,,,,,,,,,,,,,,,,,,,,,,,,,,,,,,,,,,,,,,,,,,,,,,,,,,,,,,,,,,,,,,,,,,,,
257,红色旅游|红色场馆,,,,,,,,,,,,,,,,,,,,,,,,,,,,,,,,,,,,日俄战争战场,,,,,,,,,,,,,,,,,,,,,,,,,,,,,,,,,,,,,,,,,,,,,,,,,,,,,,,,,,,,,,,,,,,,,,,,,,,,,,,,,,,,
258,红色旅游|红色场馆,,,,,,,,,,,,,,,,,,,,,,,,,,,,,,,,,,,,烽火台,,,,,,,,,,,,,,,,,,,,,,,,,,,,,,,,,,,,,,,,,,,,,,,,,,,,,,,,,,,,,,,,,,,,,,,,,,,,,,,,,,,,
259,红色旅游|红色场馆,,,,,,,,,,,,,,,,,,,,,,,,,,,,,,,,,,,,战斗工事,,,,,,,,,,,,,,,,,,,,,,,,,,,,,,,,,,,,,,,,,,,,,,,,,,,,,,,,,,,,,,,,,,,,,,,,,,,,,,,,,,,,
260,红色旅游|红色场馆,,,,,,,,,,,,,,,,,,,,,,,,,,,,,,,,,,,,中共旅大地委旧址,,,,,,,,,,,,,,,,,,,,,,,,,,,,,,,,,,,,,,,,,,,,,,,,,,,,,,,,,,,,,,,,,,,,,,,,,,,,,,,,,,,,
261,红色旅游|红色场馆,,,,,,,,,,,,,,,,,,,,,,,,,,,,,,,,,,,,中共旅大地委办公地点（1945 年后）,,,,,,,,,,,,,,,,,,,,,,,,,,,,,,,,,,,,,,,,,,,,,,,,,,,,,,,,,,,,,,,,,,,,,,,,,,,,,,,,,,,,
262,红色旅游|红色场馆,,,,,,,,,,,,,,,,,,,,,,,,,,,,,,,,,,,,红色教育基地,,,,,,,,,,,,,,,,,,,,,,,,,,,,,,,,,,,,,,,,,,,,,,,,,,,,,,,,,,,,,,,,,,,,,,,,,,,,,,,,,,,,
263,红色旅游|红色场馆,,,,,,,,,,,,,,,,,,,,,,,,,,,,,,,,,,,,甘井子区,,,,,,,,,,,,,,,,,,,,,,,,,,,,,,,,,,,,,,,,,,,,,,,,,,,,,,,,,,,,,,,,,,,,,,,,,,,,,,,,,,,,
264,红色旅游|红色场馆,,,,,,,,,,,,,,,,,,,,,,,,,,,,,,,,,,,,烈士纪念塔,,,,,,,,,,,,,,,,,,,,,,,,,,,,,,,,,,,,,,,,,,,,,,,,,,,,,,,,,,,,,,,,,,,,,,,,,,,,,,,,,,,,
265,红色旅游|红色场馆,,,,,,,,,,,,,,,,,,,,,,,,,,,,,,,,,,,,纪念馆,,,,,,,,,,,,,,,,,,,,,,,,,,,,,,,,,,,,,,,,,,,,,,,,,,,,,,,,,,,,,,,,,,,,,,,,,,,,,,,,,,,,
266,红色旅游|红色场馆,,,,,,,,,,,,,,,,,,,,,,,,,,,,,,,,,,,,骨灰堂,,,,,,,,,,,,,,,,,,,,,,,,,,,,,,,,,,,,,,,,,,,,,,,,,,,,,,,,,,,,,,,,,,,,,,,,,,,,,,,,,,,,
267,红色旅游|红色场馆,,,,,,,,,,,,,,,,,,,,,,,,,,,,,,,,,,,,苏联红军烈士墓,,,,,,,,,,,,,,,,,,,,,,,,,,,,,,,,,,,,,,,,,,,,,,,,,,,,,,,,,,,,,,,,,,,,,,,,,,,,,,,,,,,,
268,红色旅游|红色场馆,,,,,,,,,,,,,,,,,,,,,,,,,,,,,,,,,,,,纪念塔,,,,,,,,,,,,,,,,,,,,,,,,,,,,,,,,,,,,,,,,,,,,,,,,,,,,,,,,,,,,,,,,,,,,,,,,,,,,,,,,,,,,
269,红色旅游|红色场馆,,,,,,,,,,,,,,,,,,,,,,,,,,,,,,,,,,,,庄河公交 5 路终点站,,,,,,,,,,,,,,,,,,,,,,,,,,,,,,,,,,,,,,,,,,,,,,,,,,,,,,,,,,,,,,,,,,,,,,,,,,,,,,,,,,,,
270,红色旅游|红色场馆,,,,,,,,,,,,,,,,,,,,,,,,,,,,,,,,,,,,无名烈士墓,,,,,,,,,,,,,,,,,,,,,,,,,,,,,,,,,,,,,,,,,,,,,,,,,,,,,,,,,,,,,,,,,,,,,,,,,,,,,,,,,,,,
271,红色旅游|红色场馆,,,,,,,,,,,,,,,,,,,,,,,,,,,,,,,,,,,,开发区建设时期烈士,,,,,,,,,,,,,,,,,,,,,,,,,,,,,,,,,,,,,,,,,,,,,,,,,,,,,,,,,,,,,,,,,,,,,,,,,,,,,,,,,,,,
272,Property,,,,,,,,,,,9:00-16:30（每周一闭馆）,,,,,,,,,,,,,,,,,,,,,,,,,,,,,开放时间,,,,,,,,,,,,,,,,,,,,,,,,,,,,,,,,,,,,,,,,,,,,,,,,,,,,,,,,,,,,,,,,,,,,,,,,,,,,,,,,
273,Property,,,,,,,,,,,免费（需提前预约）,,,,,,,,,,,,,,,,,,,,,,,,,,,,,门票政策,,,,,,,,,,,,,,,,,,,,,,,,,,,,,,,,,,,,,,,,,,,,,,,,,,,,,,,,,,,,,,,,,,,,,,,,,,,,,,,,
274,Property,,,,,,,,,,,0411-66661902,,,,,,,,,,,,,,,,,,,,,,,,,,,,,联系电话,,,,,,,,,,,,,,,,,,,,,,,,,,,,,,,,,,,,,,,,,,,,,,,,,,,,,,,,,,,,,,,,,,,,,,,,,,,,,,,,
275,Property,,,,,,,,,,,乘坐金州公交 105 路至向应街道站（步行 10 分钟）,,,,,,,,,,,,,,,,,,,,,,,,,,,,,交通方式,,,,,,,,,,,,,,,,,,,,,,,,,,,,,,,,,,,,,,,,,,,,,,,,,,,,,,,,,,,,,,,,,,,,,,,,,,,,,,,,
276,Property,,,,,,,,,,,大连市金州区向应街道关家村 1 号,,,,,,,,,,,,,,,,,,,,,,,,,,,,,地址,,,,,,,,,,,,,,,,,,,,,,,,,,,,,,,,,,,,,,,,,,,,,,,,,,,,,,,,,,,,,,,,,,,,,,,,,,,,,,,,
277,Property,,,,,,,,,,,9:00-11:30、13:30-16:30（每周一闭馆）,,,,,,,,,,,,,,,,,,,,,,,,,,,,,开放时间,,,,,,,,,,,,,,,,,,,,,,,,,,,,,,,,,,,,,,,,,,,,,,,,,,,,,,,,,,,,,,,,,,,,,,,,,,,,,,,,
278,Property,,,,,,,,,,,免费（个人无需预约，团体 20 人以上需预约）,,,,,,,,,,,,,,,,,,,,,,,,,,,,,门票政策,,,,,,,,,,,,,,,,,,,,,,,,,,,,,,,,,,,,,,,,,,,,,,,,,,,,,,,,,,,,,,,,,,,,,,,,,,,,,,,,
279,Property,,,,,,,,,,,0411 8464 8816,,,,,,,,,,,,,,,,,,,,,,,,,,,,,联系电话,,,,,,,,,,,,,,,,,,,,,,,,,,,,,,,,,,,,,,,,,,,,,,,,,,,,,,,,,,,,,,,,,,,,,,,,,,,,,,,,
280,Property,,,,,,,,,,,周边有地铁 1 号线,,,,,,,,,,,,,,,,,,,,,,,,,,,,,交通配套,,,,,,,,,,,,,,,,,,,,,,,,,,,,,,,,,,,,,,,,,,,,,,,,,,,,,,,,,,,,,,,,,,,,,,,,,,,,,,,,
281,Property,,,,,,,,,,,大连市沙河口区黄河路 658 号,,,,,,,,,,,,,,,,,,,,,,,,,,,,,地址,,,,,,,,,,,,,,,,,,,,,,,,,,,,,,,,,,,,,,,,,,,,,,,,,,,,,,,,,,,,,,,,,,,,,,,,,,,,,,,,
282,Property,,,,,,,,,,,1923 年大连中华工学会成立历史、工人运动传单和工具,,,,,,,,,,,,,,,,,,,,,,,,,,,,,陈列内容,,,,,,,,,,,,,,,,,,,,,,,,,,,,,,,,,,,,,,,,,,,,,,,,,,,,,,,,,,,,,,,,,,,,,,,,,,,,,,,,
283,Property,,,,,,,,,,,8:30-16:00（冬季提前半小时闭馆）,,,,,,,,,,,,,,,,,,,,,,,,,,,,,开放时间,,,,,,,,,,,,,,,,,,,,,,,,,,,,,,,,,,,,,,,,,,,,,,,,,,,,,,,,,,,,,,,,,,,,,,,,,,,,,,,,
284,Property,,,,,,,,,,,0411 8661 2924,,,,,,,,,,,,,,,,,,,,,,,,,,,,,联系电话,,,,,,,,,,,,,,,,,,,,,,,,,,,,,,,,,,,,,,,,,,,,,,,,,,,,,,,,,,,,,,,,,,,,,,,,,,,,,,,,
285,Property,,,,,,,,,,,乘坐旅顺公交 3 路至万忠墓站（马路对面）,,,,,,,,,,,,,,,,,,,,,,,,,,,,,交通方式,,,,,,,,,,,,,,,,,,,,,,,,,,,,,,,,,,,,,,,,,,,,,,,,,,,,,,,,,,,,,,,,,,,,,,,,,,,,,,,,
286,Property,,,,,,,,,,,大连市旅顺口区九三路 23 号,,,,,,,,,,,,,,,,,,,,,,,,,,,,,地址,,,,,,,,,,,,,,,,,,,,,,,,,,,,,,,,,,,,,,,,,,,,,,,,,,,,,,,,,,,,,,,,,,,,,,,,,,,,,,,,
287,Property,,,,,,,,,,,1894 年旅顺大屠杀事件,,,,,,,,,,,,,,,,,,,,,,,,,,,,,历史记录,,,,,,,,,,,,,,,,,,,,,,,,,,,,,,,,,,,,,,,,,,,,,,,,,,,,,,,,,,,,,,,,,,,,,,,,,,,,,,,,
288,Property,,,,,,,,,,,约 5000 平方米,,,,,,,,,,,,,,,,,,,,,,,,,,,,,占地面积,,,,,,,,,,,,,,,,,,,,,,,,,,,,,,,,,,,,,,,,,,,,,,,,,,,,,,,,,,,,,,,,,,,,,,,,,,,,,,,,
289,Property,,,,,,,,,,,免费讲解（需提前 3 天预约）,,,,,,,,,,,,,,,,,,,,,,,,,,,,,服务,,,,,,,,,,,,,,,,,,,,,,,,,,,,,,,,,,,,,,,,,,,,,,,,,,,,,,,,,,,,,,,,,,,,,,,,,,,,,,,,
290,Property,,,,,,,,,,,15 米,,,,,,,,,,,,,,,,,,,,,,,,,,,,,烈士纪念碑高度,,,,,,,,,,,,,,,,,,,,,,,,,,,,,,,,,,,,,,,,,,,,,,,,,,,,,,,,,,,,,,,,,,,,,,,,,,,,,,,,
291,Property,,,,,,,,,,,300 多位烈士名字,,,,,,,,,,,,,,,,,,,,,,,,,,,,,铭刻内容,,,,,,,,,,,,,,,,,,,,,,,,,,,,,,,,,,,,,,,,,,,,,,,,,,,,,,,,,,,,,,,,,,,,,,,,,,,,,,,,
292,Property,,,,,,,,,,,乘坐庄河公交 1 路至烈士陵园站,,,,,,,,,,,,,,,,,,,,,,,,,,,,,交通方式,,,,,,,,,,,,,,,,,,,,,,,,,,,,,,,,,,,,,,,,,,,,,,,,,,,,,,,,,,,,,,,,,,,,,,,,,,,,,,,,
293,Property,,,,,,,,,,,1955 年,,,,,,,,,,,,,,,,,,,,,,,,,,,,,始建时间,,,,,,,,,,,,,,,,,,,,,,,,,,,,,,,,,,,,,,,,,,,,,,,,,,,,,,,,,,,,,,,,,,,,,,,,,,,,,,,,
294,Property,,,,,,,,,,,2005 年,,,,,,,,,,,,,,,,,,,,,,,,,,,,,翻新时间,,,,,,,,,,,,,,,,,,,,,,,,,,,,,,,,,,,,,,,,,,,,,,,,,,,,,,,,,,,,,,,,,,,,,,,,,,,,,,,,
295,Property,,,,,,,,,,,免费（团体需提前报备）,,,,,,,,,,,,,,,,,,,,,,,,,,,,,门票政策,,,,,,,,,,,,,,,,,,,,,,,,,,,,,,,,,,,,,,,,,,,,,,,,,,,,,,,,,,,,,,,,,,,,,,,,,,,,,,,,
296,Property,,,,,,,,,,,每年 3 月 “清明祭英烈” 活动,,,,,,,,,,,,,,,,,,,,,,,,,,,,,活动,,,,,,,,,,,,,,,,,,,,,,,,,,,,,,,,,,,,,,,,,,,,,,,,,,,,,,,,,,,,,,,,,,,,,,,,,,,,,,,,
297,Property,,,,,,,,,,,接受社会各界祭扫,,,,,,,,,,,,,,,,,,,,,,,,,,,,,服务,,,,,,,,,,,,,,,,,,,,,,,,,,,,,,,,,,,,,,,,,,,,,,,,,,,,,,,,,,,,,,,,,,,,,,,,,,,,,,,,
298,Property,,,,,,,,,,,乘坐金州公交 201 路至龙王庙站（步行 15 分钟）,,,,,,,,,,,,,,,,,,,,,,,,,,,,,交通方式,,,,,,,,,,,,,,,,,,,,,,,,,,,,,,,,,,,,,,,,,,,,,,,,,,,,,,,,,,,,,,,,,,,,,,,,,,,,,,,,
299,Property,,,,,,,,,,,大连市金州区友谊街道龙王庙村,,,,,,,,,,,,,,,,,,,,,,,,,,,,,地址,,,,,,,,,,,,,,,,,,,,,,,,,,,,,,,,,,,,,,,,,,,,,,,,,,,,,,,,,,,,,,,,,,,,,,,,,,,,,,,,
300,Property,,,,,,,,,,,1200 余人（解放战争、抗美援朝金州籍烈士）,,,,,,,,,,,,,,,,,,,,,,,,,,,,,安葬人数,,,,,,,,,,,,,,,,,,,,,,,,,,,,,,,,,,,,,,,,,,,,,,,,,,,,,,,,,,,,,,,,,,,,,,,,,,,,,,,,
301,Property,,,,,,,,,,,9:00-17:00（周一闭馆，与主馆一致）,,,,,,,,,,,,,,,,,,,,,,,,,,,,,开放时间,,,,,,,,,,,,,,,,,,,,,,,,,,,,,,,,,,,,,,,,,,,,,,,,,,,,,,,,,,,,,,,,,,,,,,,,,,,,,,,,
302,Property,,,,,,,,,,,大连革命历史,,,,,,,,,,,,,,,,,,,,,,,,,,,,,展示内容,,,,,,,,,,,,,,,,,,,,,,,,,,,,,,,,,,,,,,,,,,,,,,,,,,,,,,,,,,,,,,,,,,,,,,,,,,,,,,,,
303,Property,,,,,,,,,,,大连市沙河口区会展路 10 号（隶属于大连博物馆）,,,,,,,,,,,,,,,,,,,,,,,,,,,,,地址,,,,,,,,,,,,,,,,,,,,,,,,,,,,,,,,,,,,,,,,,,,,,,,,,,,,,,,,,,,,,,,,,,,,,,,,,,,,,,,,
304,Property,,,,,,,,,,,免费（需官网预约，与主馆一致）,,,,,,,,,,,,,,,,,,,,,,,,,,,,,门票政策,,,,,,,,,,,,,,,,,,,,,,,,,,,,,,,,,,,,,,,,,,,,,,,,,,,,,,,,,,,,,,,,,,,,,,,,,,,,,,,,
305,Property,,,,,,,,,,,20 元 / 人（学生半价）,,,,,,,,,,,,,,,,,,,,,,,,,,,,,门票政策,,,,,,,,,,,,,,,,,,,,,,,,,,,,,,,,,,,,,,,,,,,,,,,,,,,,,,,,,,,,,,,,,,,,,,,,,,,,,,,,
306,Property,,,,,,,,,,,乘坐旅顺公交 5 路至监狱旧址站（步行 5 分钟）,,,,,,,,,,,,,,,,,,,,,,,,,,,,,交通方式,,,,,,,,,,,,,,,,,,,,,,,,,,,,,,,,,,,,,,,,,,,,,,,,,,,,,,,,,,,,,,,,,,,,,,,,,,,,,,,,
307,Property,,,,,,,,,,,大连市旅顺口区向阳街 139 号,,,,,,,,,,,,,,,,,,,,,,,,,,,,,地址,,,,,,,,,,,,,,,,,,,,,,,,,,,,,,,,,,,,,,,,,,,,,,,,,,,,,,,,,,,,,,,,,,,,,,,,,,,,,,,,
308,Property,,,,,,,,,,,全国重点文物保护单位,,,,,,,,,,,,,,,,,,,,,,,,,,,,,保护级别,,,,,,,,,,,,,,,,,,,,,,,,,,,,,,,,,,,,,,,,,,,,,,,,,,,,,,,,,,,,,,,,,,,,,,,,,,,,,,,,
309,Property,,,,,,,,,,,当年牢房、刑具,,,,,,,,,,,,,,,,,,,,,,,,,,,,,保留内容,,,,,,,,,,,,,,,,,,,,,,,,,,,,,,,,,,,,,,,,,,,,,,,,,,,,,,,,,,,,,,,,,,,,,,,,,,,,,,,,
310,Property,,,,,,,,,,,0411-83515100,,,,,,,,,,,,,,,,,,,,,,,,,,,,,联系电话,,,,,,,,,,,,,,,,,,,,,,,,,,,,,,,,,,,,,,,,,,,,,,,,,,,,,,,,,,,,,,,,,,,,,,,,,,,,,,,,
311,Property,,,,,,,,,,,9:00-16:00（每周二闭馆，遇节假日顺延）,,,,,,,,,,,,,,,,,,,,,,,,,,,,,开放时间,,,,,,,,,,,,,,,,,,,,,,,,,,,,,,,,,,,,,,,,,,,,,,,,,,,,,,,,,,,,,,,,,,,,,,,,,,,,,,,,
312,Property,,,,,,,,,,,乘坐普兰店公交 1 路、3 路至中心广场站（步行 300 米）,,,,,,,,,,,,,,,,,,,,,,,,,,,,,交通方式,,,,,,,,,,,,,,,,,,,,,,,,,,,,,,,,,,,,,,,,,,,,,,,,,,,,,,,,,,,,,,,,,,,,,,,,,,,,,,,,
313,Property,,,,,,,,,,,普兰店区中心路一段 12 号,,,,,,,,,,,,,,,,,,,,,,,,,,,,,地址,,,,,,,,,,,,,,,,,,,,,,,,,,,,,,,,,,,,,,,,,,,,,,,,,,,,,,,,,,,,,,,,,,,,,,,,,,,,,,,,
314,Property,,,,,,,,,,,普兰店火车站约 2 公里,,,,,,,,,,,,,,,,,,,,,,,,,,,,,距离,,,,,,,,,,,,,,,,,,,,,,,,,,,,,,,,,,,,,,,,,,,,,,,,,,,,,,,,,,,,,,,,,,,,,,,,,,,,,,,,
315,Property,,,,,,,,,,,当地抗日斗争历史,,,,,,,,,,,,,,,,,,,,,,,,,,,,,展示内容,,,,,,,,,,,,,,,,,,,,,,,,,,,,,,,,,,,,,,,,,,,,,,,,,,,,,,,,,,,,,,,,,,,,,,,,,,,,,,,,
316,Property,,,,,,,,,,,每年清明节纪念活动,,,,,,,,,,,,,,,,,,,,,,,,,,,,,活动,,,,,,,,,,,,,,,,,,,,,,,,,,,,,,,,,,,,,,,,,,,,,,,,,,,,,,,,,,,,,,,,,,,,,,,,,,,,,,,,
317,Property,,,,,,,,,,,乘坐轮渡至大长山岛,,,,,,,,,,,,,,,,,,,,,,,,,,,,,交通方式,,,,,,,,,,,,,,,,,,,,,,,,,,,,,,,,,,,,,,,,,,,,,,,,,,,,,,,,,,,,,,,,,,,,,,,,,,,,,,,,
318,Property,,,,,,,,,,,长海县大长山岛镇东山街,,,,,,,,,,,,,,,,,,,,,,,,,,,,,地址,,,,,,,,,,,,,,,,,,,,,,,,,,,,,,,,,,,,,,,,,,,,,,,,,,,,,,,,,,,,,,,,,,,,,,,,,,,,,,,,
319,Property,,,,,,,,,,,海岛唯一烈士陵园,,,,,,,,,,,,,,,,,,,,,,,,,,,,,性质,,,,,,,,,,,,,,,,,,,,,,,,,,,,,,,,,,,,,,,,,,,,,,,,,,,,,,,,,,,,,,,,,,,,,,,,,,,,,,,,
320,Property,,,,,,,,,,,38 位烈士,,,,,,,,,,,,,,,,,,,,,,,,,,,,,安葬人数,,,,,,,,,,,,,,,,,,,,,,,,,,,,,,,,,,,,,,,,,,,,,,,,,,,,,,,,,,,,,,,,,,,,,,,,,,,,,,,,
321,Property,,,,,,,,,,,海岛军民抗击日寇照片和实物,,,,,,,,,,,,,,,,,,,,,,,,,,,,,陈列内容,,,,,,,,,,,,,,,,,,,,,,,,,,,,,,,,,,,,,,,,,,,,,,,,,,,,,,,,,,,,,,,,,,,,,,,,,,,,,,,,
322,Property,,,,,,,,,,,复建青砖瓦房,,,,,,,,,,,,,,,,,,,,,,,,,,,,,建筑类型,,,,,,,,,,,,,,,,,,,,,,,,,,,,,,,,,,,,,,,,,,,,,,,,,,,,,,,,,,,,,,,,,,,,,,,,,,,,,,,,
323,Property,,,,,,,,,,,当年农具、生活用具,,,,,,,,,,,,,,,,,,,,,,,,,,,,,保留内容,,,,,,,,,,,,,,,,,,,,,,,,,,,,,,,,,,,,,,,,,,,,,,,,,,,,,,,,,,,,,,,,,,,,,,,,,,,,,,,,
324,Property,,,,,,,,,,,关向应成长环境,,,,,,,,,,,,,,,,,,,,,,,,,,,,,展示内容,,,,,,,,,,,,,,,,,,,,,,,,,,,,,,,,,,,,,,,,,,,,,,,,,,,,,,,,,,,,,,,,,,,,,,,,,,,,,,,,
325,Property,,,,,,,,,,,纪念碑（记载战斗时间和参战部队）,,,,,,,,,,,,,,,,,,,,,,,,,,,,,标志物,,,,,,,,,,,,,,,,,,,,,,,,,,,,,,,,,,,,,,,,,,,,,,,,,,,,,,,,,,,,,,,,,,,,,,,,,,,,,,,,
326,Property,,,,,,,,,,,9:00-16:00,,,,,,,,,,,,,,,,,,,,,,,,,,,,,开放时间,,,,,,,,,,,,,,,,,,,,,,,,,,,,,,,,,,,,,,,,,,,,,,,,,,,,,,,,,,,,,,,,,,,,,,,,,,,,,,,,
327,Property,,,,,,,,,,,10 元 / 人,,,,,,,,,,,,,,,,,,,,,,,,,,,,,门票政策,,,,,,,,,,,,,,,,,,,,,,,,,,,,,,,,,,,,,,,,,,,,,,,,,,,,,,,,,,,,,,,,,,,,,,,,,,,,,,,,
328,Property,,,,,,,,,,,炮位、弹药库,,,,,,,,,,,,,,,,,,,,,,,,,,,,,残留内容,,,,,,,,,,,,,,,,,,,,,,,,,,,,,,,,,,,,,,,,,,,,,,,,,,,,,,,,,,,,,,,,,,,,,,,,,,,,,,,,
329,Property,,,,,,,,,,,步枪、手榴弹等革命文物,,,,,,,,,,,,,,,,,,,,,,,,,,,,,发现文物,,,,,,,,,,,,,,,,,,,,,,,,,,,,,,,,,,,,,,,,,,,,,,,,,,,,,,,,,,,,,,,,,,,,,,,,,,,,,,,,
330,Property,,,,,,,,,,,116 米,,,,,,,,,,,,,,,,,,,,,,,,,,,,,海拔,,,,,,,,,,,,,,,,,,,,,,,,,,,,,,,,,,,,,,,,,,,,,,,,,,,,,,,,,,,,,,,,,,,,,,,,,,,,,,,,
331,Property,,,,,,,,,,,战壕、堡垒遗迹,,,,,,,,,,,,,,,,,,,,,,,,,,,,,残留内容,,,,,,,,,,,,,,,,,,,,,,,,,,,,,,,,,,,,,,,,,,,,,,,,,,,,,,,,,,,,,,,,,,,,,,,,,,,,,,,,
332,Property,,,,,,,,,,,登顶可俯瞰金州城区,,,,,,,,,,,,,,,,,,,,,,,,,,,,,体验,,,,,,,,,,,,,,,,,,,,,,,,,,,,,,,,,,,,,,,,,,,,,,,,,,,,,,,,,,,,,,,,,,,,,,,,,,,,,,,,
333,Property,,,,,,,,,,,约 2 平方公里,,,,,,,,,,,,,,,,,,,,,,,,,,,,,保护范围,,,,,,,,,,,,,,,,,,,,,,,,,,,,,,,,,,,,,,,,,,,,,,,,,,,,,,,,,,,,,,,,,,,,,,,,,,,,,,,,
334,Property,,,,,,,,,,,禁止随意挖掘,,,,,,,,,,,,,,,,,,,,,,,,,,,,,规定,,,,,,,,,,,,,,,,,,,,,,,,,,,,,,,,,,,,,,,,,,,,,,,,,,,,,,,,,,,,,,,,,,,,,,,,,,,,,,,,
335,Property,,,,,,,,,,,7:30-17:00（夏季）、8:00-16:30（冬季）,,,,,,,,,,,,,,,,,,,,,,,,,,,,,开放时间,,,,,,,,,,,,,,,,,,,,,,,,,,,,,,,,,,,,,,,,,,,,,,,,,,,,,,,,,,,,,,,,,,,,,,,,,,,,,,,,
336,Property,,,,,,,,,,,免费,,,,,,,,,,,,,,,,,,,,,,,,,,,,,门票政策,,,,,,,,,,,,,,,,,,,,,,,,,,,,,,,,,,,,,,,,,,,,,,,,,,,,,,,,,,,,,,,,,,,,,,,,,,,,,,,,
337,Property,,,,,,,,,,,无闭馆日,,,,,,,,,,,,,,,,,,,,,,,,,,,,,闭馆情况,,,,,,,,,,,,,,,,,,,,,,,,,,,,,,,,,,,,,,,,,,,,,,,,,,,,,,,,,,,,,,,,,,,,,,,,,,,,,,,,
338,Property,,,,,,,,,,,8 万平方米,,,,,,,,,,,,,,,,,,,,,,,,,,,,,占地面积,,,,,,,,,,,,,,,,,,,,,,,,,,,,,,,,,,,,,,,,,,,,,,,,,,,,,,,,,,,,,,,,,,,,,,,,,,,,,,,,
339,Property,,,,,,,,,,,乘坐地铁 1 号线至华南广场站（换乘公交 9 路至烈士陵园站）,,,,,,,,,,,,,,,,,,,,,,,,,,,,,交通方式,,,,,,,,,,,,,,,,,,,,,,,,,,,,,,,,,,,,,,,,,,,,,,,,,,,,,,,,,,,,,,,,,,,,,,,,,,,,,,,,
340,Property,,,,,,,,,,,大连市甘井子区中华路 20 号,,,,,,,,,,,,,,,,,,,,,,,,,,,,,地址,,,,,,,,,,,,,,,,,,,,,,,,,,,,,,,,,,,,,,,,,,,,,,,,,,,,,,,,,,,,,,,,,,,,,,,,,,,,,,,,
341,Property,,,,,,,,,,,1946 年至 1950 年牺牲烈士,,,,,,,,,,,,,,,,,,,,,,,,,,,,,安葬时期,,,,,,,,,,,,,,,,,,,,,,,,,,,,,,,,,,,,,,,,,,,,,,,,,,,,,,,,,,,,,,,,,,,,,,,,,,,,,,,,
342,Property,,,,,,,,,,,22 米,,,,,,,,,,,,,,,,,,,,,,,,,,,,,纪念塔高度,,,,,,,,,,,,,,,,,,,,,,,,,,,,,,,,,,,,,,,,,,,,,,,,,,,,,,,,,,,,,,,,,,,,,,,,,,,,,,,,
343,Property,,,,,,,,,,,正面 “为人民解放事业而牺牲的烈士永垂不朽”,,,,,,,,,,,,,,,,,,,,,,,,,,,,,纪念塔刻字,,,,,,,,,,,,,,,,,,,,,,,,,,,,,,,,,,,,,,,,,,,,,,,,,,,,,,,,,,,,,,,,,,,,,,,,,,,,,,,,
344,Property,,,,,,,,,,,二战时期牺牲苏联军人,,,,,,,,,,,,,,,,,,,,,,,,,,,,,安葬对象,,,,,,,,,,,,,,,,,,,,,,,,,,,,,,,,,,,,,,,,,,,,,,,,,,,,,,,,,,,,,,,,,,,,,,,,,,,,,,,,
345,Property,,,,,,,,,,,1985 年,,,,,,,,,,,,,,,,,,,,,,,,,,,,,烈士纪念碑建成时间,,,,,,,,,,,,,,,,,,,,,,,,,,,,,,,,,,,,,,,,,,,,,,,,,,,,,,,,,,,,,,,,,,,,,,,,,,,,,,,,
346,Property,,,,,,,,,,,碑座刻有烈士事迹简介,,,,,,,,,,,,,,,,,,,,,,,,,,,,,烈士纪念碑内容,,,,,,,,,,,,,,,,,,,,,,,,,,,,,,,,,,,,,,,,,,,,,,,,,,,,,,,,,,,,,,,,,,,,,,,,,,,,,,,,
347,Property,,,,,,,,,,,7:30-17:00,,,,,,,,,,,,,,,,,,,,,,,,,,,,,开放时间,,,,,,,,,,,,,,,,,,,,,,,,,,,,,,,,,,,,,,,,,,,,,,,,,,,,,,,,,,,,,,,,,,,,,,,,,,,,,,,,
348,Property,,,,,,,,,,,免费向公众开放,,,,,,,,,,,,,,,,,,,,,,,,,,,,,门票政策,,,,,,,,,,,,,,,,,,,,,,,,,,,,,,,,,,,,,,,,,,,,,,,,,,,,,,,,,,,,,,,,,,,,,,,,,,,,,,,,
349,Property,,,,,,,,,,,乘坐庄河公交 5 路至终点站（步行 500 米）,,,,,,,,,,,,,,,,,,,,,,,,,,,,,交通方式,,,,,,,,,,,,,,,,,,,,,,,,,,,,,,,,,,,,,,,,,,,,,,,,,,,,,,,,,,,,,,,,,,,,,,,,,,,,,,,,
350,Property,,,,,,,,,,,庄河市昌盛街道将军湖路 1 号,,,,,,,,,,,,,,,,,,,,,,,,,,,,,地址,,,,,,,,,,,,,,,,,,,,,,,,,,,,,,,,,,,,,,,,,,,,,,,,,,,,,,,,,,,,,,,,,,,,,,,,,,,,,,,,
351,Property,,,,,,,,,,,0411-CCCCCCC,,,,,,,,,,,,,,,,,,,,,,,,,,,,,联系电话,,,,,,,,,,,,,,,,,,,,,,,,,,,,,,,,,,,,,,,,,,,,,,,,,,,,,,,,,,,,,,,,,,,,,,,,,,,,,,,,
352,Property,,,,,,,,,,,8:00-11:30、13:00-16:30（每周一闭馆）,,,,,,,,,,,,,,,,,,,,,,,,,,,,,开放时间,,,,,,,,,,,,,,,,,,,,,,,,,,,,,,,,,,,,,,,,,,,,,,,,,,,,,,,,,,,,,,,,,,,,,,,,,,,,,,,,
353,Property,,,,,,,,,,,免费停车场（可容纳 50 辆汽车）,,,,,,,,,,,,,,,,,,,,,,,,,,,,,配套,,,,,,,,,,,,,,,,,,,,,,,,,,,,,,,,,,,,,,,,,,,,,,,,,,,,,,,,,,,,,,,,,,,,,,,,,,,,,,,,
354,Property,,,,,,,,,,,20 位（身份未查明）,,,,,,,,,,,,,,,,,,,,,,,,,,,,,无名烈士墓安葬人数,,,,,,,,,,,,,,,,,,,,,,,,,,,,,,,,,,,,,,,,,,,,,,,,,,,,,,,,,,,,,,,,,,,,,,,,,,,,,,,,
355,Property,,,,,,,,,,,0411-ZZZZZZZ,,,,,,,,,,,,,,,,,,,,,,,,,,,,,管理处电话,,,,,,,,,,,,,,,,,,,,,,,,,,,,,,,,,,,,,,,,,,,,,,,,,,,,,,,,,,,,,,,,,,,,,,,,,,,,,,,,
356,Property,,,,,,,,,,,可预约团体祭扫,,,,,,,,,,,,,,,,,,,,,,,,,,,,,服务,,,,,,,,,,,,,,,,,,,,,,,,,,,,,,,,,,,,,,,,,,,,,,,,,,,,,,,,,,,,,,,,,,,,,,,,,,,,,,,,
357,Property,,,,,,,,,,,瓦房店市五四路 38 号,,,,,,,,,,,,,,,,,,,,,,,,,,,,,地址,,,,,,,,,,,,,,,,,,,,,,,,,,,,,,,,,,,,,,,,,,,,,,,,,,,,,,,,,,,,,,,,,,,,,,,,,,,,,,,,
358,Property,,,,,,,,,,,免费（需持身份证登记）,,,,,,,,,,,,,,,,,,,,,,,,,,,,,门票政策,,,,,,,,,,,,,,,,,,,,,,,,,,,,,,,,,,,,,,,,,,,,,,,,,,,,,,,,,,,,,,,,,,,,,,,,,,,,,,,,
359,Property,,,,,,,,,,,8:30-11:30、14:00-17:00（夏季），冬季下午提前半小时闭馆,,,,,,,,,,,,,,,,,,,,,,,,,,,,,开放时间,,,,,,,,,,,,,,,,,,,,,,,,,,,,,,,,,,,,,,,,,,,,,,,,,,,,,,,,,,,,,,,,,,,,,,,,,,,,,,,,
360,Property,,,,,,,,,,,0411-85508110,,,,,,,,,,,,,,,,,,,,,,,,,,,,,联系电话,,,,,,,,,,,,,,,,,,,,,,,,,,,,,,,,,,,,,,,,,,,,,,,,,,,,,,,,,,,,,,,,,,,,,,,,,,,,,,,,
361,Property,,,,,,,,,,,可预约中文 / 英文讲解,,,,,,,,,,,,,,,,,,,,,,,,,,,,,服务,,,,,,,,,,,,,,,,,,,,,,,,,,,,,,,,,,,,,,,,,,,,,,,,,,,,,,,,,,,,,,,,,,,,,,,,,,,,,,,,
362,Property,,,,,,,,,,,2010 年,,,,,,,,,,,,,,,,,,,,,,,,,,,,,建成时间,,,,,,,,,,,,,,,,,,,,,,,,,,,,,,,,,,,,,,,,,,,,,,,,,,,,,,,,,,,,,,,,,,,,,,,,,,,,,,,,
363,Property,,,,,,,,,,,开发区建设时期牺牲烈士,,,,,,,,,,,,,,,,,,,,,,,,,,,,,安葬对象,,,,,,,,,,,,,,,,,,,,,,,,,,,,,,,,,,,,,,,,,,,,,,,,,,,,,,,,,,,,,,,,,,,,,,,,,,,,,,,,
364,红色旅游|红色人物,,,,,,,,,,,,,,,,,,,,,,,,,,,,,,,,,,,,红二方面军总政治委员,,,,,,,,,,,,,,,,,,,,,,,,,,,,,,,,,,,,,,,,,,,,,,,,,,,,,,,,,,,,,,,,,,,,,,,,,,,,,,,,,,,,
365,红色旅游|红色人物,,,,,,,,,,,,,,,,,,,,,,,,,,,,,,,,,,,,中国共产党早期军事领导人,,,,,,,,,,,,,,,,,,,,,,,,,,,,,,,,,,,,,,,,,,,,,,,,,,,,,,,,,,,,,,,,,,,,,,,,,,,,,,,,,,,,
366,红色旅游|红色人物,,,,,,,,,,,,,,,,,,,,,,,,,,,,,,,,,,,,苏联莫斯科中山大学（1925 年）,,,,,,,,,,,,,,,,,,,,,,,,,,,,,,,,,,,,,,,,,,,,,,,,,,,,,,,,,,,,,,,,,,,,,,,,,,,,,,,,,,,,
367,红色旅游|红色人物,,,,,,,,,,,,,,,,,,,,,,,,,,,,,,,,,,,,南昌起义,,,,,,,,,,,,,,,,,,,,,,,,,,,,,,,,,,,,,,,,,,,,,,,,,,,,,,,,,,,,,,,,,,,,,,,,,,,,,,,,,,,,
368,红色旅游|红色人物,,,,,,,,,,,,,,,,,,,,,,,,,,,,,,,,,,,,长征,,,,,,,,,,,,,,,,,,,,,,,,,,,,,,,,,,,,,,,,,,,,,,,,,,,,,,,,,,,,,,,,,,,,,,,,,,,,,,,,,,,,
369,红色旅游|红色人物,,,,,,,,,,,,,,,,,,,,,,,,,,,,,,,,,,,,东北抗日联军创始人,,,,,,,,,,,,,,,,,,,,,,,,,,,,,,,,,,,,,,,,,,,,,,,,,,,,,,,,,,,,,,,,,,,,,,,,,,,,,,,,,,,,
370,红色旅游|红色人物,,,,,,,,,,,,,,,,,,,,,,,,,,,,,,,,,,,,大连 “四二七” 大罢工,,,,,,,,,,,,,,,,,,,,,,,,,,,,,,,,,,,,,,,,,,,,,,,,,,,,,,,,,,,,,,,,,,,,,,,,,,,,,,,,,,,,
371,红色旅游|红色人物,,,,,,,,,,,,,,,,,,,,,,,,,,,,,,,,,,,,吉林磐石战斗（1933 年）,,,,,,,,,,,,,,,,,,,,,,,,,,,,,,,,,,,,,,,,,,,,,,,,,,,,,,,,,,,,,,,,,,,,,,,,,,,,,,,,,,,,
372,红色旅游|红色人物,,,,,,,,,,,,,,,,,,,,,,,,,,,,,,,,,,,,金伯阳故居,,,,,,,,,,,,,,,,,,,,,,,,,,,,,,,,,,,,,,,,,,,,,,,,,,,,,,,,,,,,,,,,,,,,,,,,,,,,,,,,,,,,
373,红色旅游|红色人物,,,,,,,,,,,,,,,,,,,,,,,,,,,,,,,,,,,,爱国主义教育基地,,,,,,,,,,,,,,,,,,,,,,,,,,,,,,,,,,,,,,,,,,,,,,,,,,,,,,,,,,,,,,,,,,,,,,,,,,,,,,,,,,,,
374,红色旅游|红色人物,,,,,,,,,,,,,,,,,,,,,,,,,,,,,,,,,,,,旅顺口区铁山街道,,,,,,,,,,,,,,,,,,,,,,,,,,,,,,,,,,,,,,,,,,,,,,,,,,,,,,,,,,,,,,,,,,,,,,,,,,,,,,,,,,,,
375,红色旅游|红色人物,,,,,,,,,,,,,,,,,,,,,,,,,,,,,,,,,,,,东北抗日联军第 5 军第 3 师师长,,,,,,,,,,,,,,,,,,,,,,,,,,,,,,,,,,,,,,,,,,,,,,,,,,,,,,,,,,,,,,,,,,,,,,,,,,,,,,,,,,,,
376,红色旅游|红色人物,,,,,,,,,,,,,,,,,,,,,,,,,,,,,,,,,,,,抗日救国军（1932 年）,,,,,,,,,,,,,,,,,,,,,,,,,,,,,,,,,,,,,,,,,,,,,,,,,,,,,,,,,,,,,,,,,,,,,,,,,,,,,,,,,,,,
377,红色旅游|红色人物,,,,,,,,,,,,,,,,,,,,,,,,,,,,,,,,,,,,日伪据点（抗联期间）,,,,,,,,,,,,,,,,,,,,,,,,,,,,,,,,,,,,,,,,,,,,,,,,,,,,,,,,,,,,,,,,,,,,,,,,,,,,,,,,,,,,
378,红色旅游|红色人物,,,,,,,,,,,,,,,,,,,,,,,,,,,,,,,,,,,,辽南独立师某团团长,,,,,,,,,,,,,,,,,,,,,,,,,,,,,,,,,,,,,,,,,,,,,,,,,,,,,,,,,,,,,,,,,,,,,,,,,,,,,,,,,,,,
379,红色旅游|红色人物,,,,,,,,,,,,,,,,,,,,,,,,,,,,,,,,,,,,八路军（1937 年）,,,,,,,,,,,,,,,,,,,,,,,,,,,,,,,,,,,,,,,,,,,,,,,,,,,,,,,,,,,,,,,,,,,,,,,,,,,,,,,,,,,,
380,红色旅游|红色人物,,,,,,,,,,,,,,,,,,,,,,,,,,,,,,,,,,,,四平战役（1947 年）,,,,,,,,,,,,,,,,,,,,,,,,,,,,,,,,,,,,,,,,,,,,,,,,,,,,,,,,,,,,,,,,,,,,,,,,,,,,,,,,,,,,
381,红色旅游|红色人物,,,,,,,,,,,,,,,,,,,,,,,,,,,,,,,,,,,,珍宝岛自卫反击战（1969 年）,,,,,,,,,,,,,,,,,,,,,,,,,,,,,,,,,,,,,,,,,,,,,,,,,,,,,,,,,,,,,,,,,,,,,,,,,,,,,,,,,,,,
382,红色旅游|红色人物,,,,,,,,,,,,,,,,,,,,,,,,,,,,,,,,,,,,工人破坏日军生产（1942 年）,,,,,,,,,,,,,,,,,,,,,,,,,,,,,,,,,,,,,,,,,,,,,,,,,,,,,,,,,,,,,,,,,,,,,,,,,,,,,,,,,,,,
383,红色旅游|红色人物,,,,,,,,,,,,,,,,,,,,,,,,,,,,,,,,,,,,大连市妇联主任（新中国成立后）,,,,,,,,,,,,,,,,,,,,,,,,,,,,,,,,,,,,,,,,,,,,,,,,,,,,,,,,,,,,,,,,,,,,,,,,,,,,,,,,,,,,
384,红色旅游|红色人物,,,,,,,,,,,,,,,,,,,,,,,,,,,,,,,,,,,,东北抗日联军第 9 军政治部主任,,,,,,,,,,,,,,,,,,,,,,,,,,,,,,,,,,,,,,,,,,,,,,,,,,,,,,,,,,,,,,,,,,,,,,,,,,,,,,,,,,,,
385,红色旅游|红色人物,,,,,,,,,,,,,,,,,,,,,,,,,,,,,,,,,,,,黑龙江五常县与日军作战（1938 年）,,,,,,,,,,,,,,,,,,,,,,,,,,,,,,,,,,,,,,,,,,,,,,,,,,,,,,,,,,,,,,,,,,,,,,,,,,,,,,,,,,,,
386,红色旅游|红色人物,,,,,,,,,,,,,,,,,,,,,,,,,,,,,,,,,,,,大连中华工学会第一任会长,,,,,,,,,,,,,,,,,,,,,,,,,,,,,,,,,,,,,,,,,,,,,,,,,,,,,,,,,,,,,,,,,,,,,,,,,,,,,,,,,,,,
387,红色旅游|红色人物,,,,,,,,,,,,,,,,,,,,,,,,,,,,,,,,,,,,大连中华工学会（1923 年）,,,,,,,,,,,,,,,,,,,,,,,,,,,,,,,,,,,,,,,,,,,,,,,,,,,,,,,,,,,,,,,,,,,,,,,,,,,,,,,,,,,,
388,红色旅游|红色人物,,,,,,,,,,,,,,,,,,,,,,,,,,,,,,,,,,,,大连 “四二七” 大罢工（1926 年）,,,,,,,,,,,,,,,,,,,,,,,,,,,,,,,,,,,,,,,,,,,,,,,,,,,,,,,,,,,,,,,,,,,,,,,,,,,,,,,,,,,,
389,红色旅游|红色人物,,,,,,,,,,,,,,,,,,,,,,,,,,,,,,,,,,,,日军（1928 年）,,,,,,,,,,,,,,,,,,,,,,,,,,,,,,,,,,,,,,,,,,,,,,,,,,,,,,,,,,,,,,,,,,,,,,,,,,,,,,,,,,,,
390,红色旅游|红色人物,,,,,,,,,,,,,,,,,,,,,,,,,,,,,,,,,,,,大连地下党工作,,,,,,,,,,,,,,,,,,,,,,,,,,,,,,,,,,,,,,,,,,,,,,,,,,,,,,,,,,,,,,,,,,,,,,,,,,,,,,,,,,,,
391,红色旅游|红色人物,,,,,,,,,,,,,,,,,,,,,,,,,,,,,,,,,,,,中央文库重要文件,,,,,,,,,,,,,,,,,,,,,,,,,,,,,,,,,,,,,,,,,,,,,,,,,,,,,,,,,,,,,,,,,,,,,,,,,,,,,,,,,,,,
392,红色旅游|红色人物,,,,,,,,,,,,,,,,,,,,,,,,,,,,,,,,,,,,八路军山东纵队第 5 支队参谋长,,,,,,,,,,,,,,,,,,,,,,,,,,,,,,,,,,,,,,,,,,,,,,,,,,,,,,,,,,,,,,,,,,,,,,,,,,,,,,,,,,,,
393,红色旅游|红色人物,,,,,,,,,,,,,,,,,,,,,,,,,,,,,,,,,,,,抗日武装（1937 年）,,,,,,,,,,,,,,,,,,,,,,,,,,,,,,,,,,,,,,,,,,,,,,,,,,,,,,,,,,,,,,,,,,,,,,,,,,,,,,,,,,,,
394,红色旅游|红色人物,,,,,,,,,,,,,,,,,,,,,,,,,,,,,,,,,,,,游击战指挥,,,,,,,,,,,,,,,,,,,,,,,,,,,,,,,,,,,,,,,,,,,,,,,,,,,,,,,,,,,,,,,,,,,,,,,,,,,,,,,,,,,,
395,红色旅游|红色人物,,,,,,,,,,,,,,,,,,,,,,,,,,,,,,,,,,,,分发传单（1926 年大罢工期间）,,,,,,,,,,,,,,,,,,,,,,,,,,,,,,,,,,,,,,,,,,,,,,,,,,,,,,,,,,,,,,,,,,,,,,,,,,,,,,,,,,,,
396,红色旅游|红色人物,,,,,,,,,,,,,,,,,,,,,,,,,,,,,,,,,,,,日军（1926 年大罢工后）,,,,,,,,,,,,,,,,,,,,,,,,,,,,,,,,,,,,,,,,,,,,,,,,,,,,,,,,,,,,,,,,,,,,,,,,,,,,,,,,,,,,
397,红色旅游|红色人物,,,,,,,,,,,,,,,,,,,,,,,,,,,,,,,,,,,,旅顺万忠墓事件（1894 年）,,,,,,,,,,,,,,,,,,,,,,,,,,,,,,,,,,,,,,,,,,,,,,,,,,,,,,,,,,,,,,,,,,,,,,,,,,,,,,,,,,,,
398,红色旅游|红色人物,,,,,,,,,,,,,,,,,,,,,,,,,,,,,,,,,,,,当年衣物和生活用品（晚年向纪念馆）,,,,,,,,,,,,,,,,,,,,,,,,,,,,,,,,,,,,,,,,,,,,,,,,,,,,,,,,,,,,,,,,,,,,,,,,,,,,,,,,,,,,
399,红色旅游|红色人物,,,,,,,,,,,,,,,,,,,,,,,,,,,,,,,,,,,,1945 年旅大解放地方向导,,,,,,,,,,,,,,,,,,,,,,,,,,,,,,,,,,,,,,,,,,,,,,,,,,,,,,,,,,,,,,,,,,,,,,,,,,,,,,,,,,,,
400,红色旅游|红色人物,,,,,,,,,,,,,,,,,,,,,,,,,,,,,,,,,,,,苏联红军攻占日军据点（1945 年）,,,,,,,,,,,,,,,,,,,,,,,,,,,,,,,,,,,,,,,,,,,,,,,,,,,,,,,,,,,,,,,,,,,,,,,,,,,,,,,,,,,,
401,红色旅游|红色人物,,,,,,,,,,,,,,,,,,,,,,,,,,,,,,,,,,,,大连市甘井子区区长（1946 年后）,,,,,,,,,,,,,,,,,,,,,,,,,,,,,,,,,,,,,,,,,,,,,,,,,,,,,,,,,,,,,,,,,,,,,,,,,,,,,,,,,,,,
402,红色旅游|红色人物,,,,,,,,,,,,,,,,,,,,,,,,,,,,,,,,,,,,大连中华工学会会员,,,,,,,,,,,,,,,,,,,,,,,,,,,,,,,,,,,,,,,,,,,,,,,,,,,,,,,,,,,,,,,,,,,,,,,,,,,,,,,,,,,,
403,红色旅游|红色人物,,,,,,,,,,,,,,,,,,,,,,,,,,,,,,,,,,,,工人罢工（1925 年，反对日本资本家剥削）,,,,,,,,,,,,,,,,,,,,,,,,,,,,,,,,,,,,,,,,,,,,,,,,,,,,,,,,,,,,,,,,,,,,,,,,,,,,,,,,,,,,
404,红色旅游|红色人物,,,,,,,,,,,,,,,,,,,,,,,,,,,,,,,,,,,,上海工人运动（罢工受伤后）,,,,,,,,,,,,,,,,,,,,,,,,,,,,,,,,,,,,,,,,,,,,,,,,,,,,,,,,,,,,,,,,,,,,,,,,,,,,,,,,,,,,
405,红色旅游|红色人物,,,,,,,,,,,,,,,,,,,,,,,,,,,,,,,,,,,,庄河仙人洞抗日根据地村民,,,,,,,,,,,,,,,,,,,,,,,,,,,,,,,,,,,,,,,,,,,,,,,,,,,,,,,,,,,,,,,,,,,,,,,,,,,,,,,,,,,,
406,红色旅游|红色人物,,,,,,,,,,,,,,,,,,,,,,,,,,,,,,,,,,,,粮食和住处（给抗联部队）,,,,,,,,,,,,,,,,,,,,,,,,,,,,,,,,,,,,,,,,,,,,,,,,,,,,,,,,,,,,,,,,,,,,,,,,,,,,,,,,,,,,
407,红色旅游|红色人物,,,,,,,,,,,,,,,,,,,,,,,,,,,,,,,,,,,,日军（1938 年）,,,,,,,,,,,,,,,,,,,,,,,,,,,,,,,,,,,,,,,,,,,,,,,,,,,,,,,,,,,,,,,,,,,,,,,,,,,,,,,,,,,,
408,红色旅游|红色人物,,,,,,,,,,,,,,,,,,,,,,,,,,,,,,,,,,,,金州南山战役支前模范,,,,,,,,,,,,,,,,,,,,,,,,,,,,,,,,,,,,,,,,,,,,,,,,,,,,,,,,,,,,,,,,,,,,,,,,,,,,,,,,,,,,
409,红色旅游|红色人物,,,,,,,,,,,,,,,,,,,,,,,,,,,,,,,,,,,,妇女缝制棉衣（为军队）,,,,,,,,,,,,,,,,,,,,,,,,,,,,,,,,,,,,,,,,,,,,,,,,,,,,,,,,,,,,,,,,,,,,,,,,,,,,,,,,,,,,
410,红色旅游|红色人物,,,,,,,,,,,,,,,,,,,,,,,,,,,,,,,,,,,,监狱内酷刑和反抗故事（向纪念馆）,,,,,,,,,,,,,,,,,,,,,,,,,,,,,,,,,,,,,,,,,,,,,,,,,,,,,,,,,,,,,,,,,,,,,,,,,,,,,,,,,,,,
411,红色旅游|红色人物,,,,,,,,,,,,,,,,,,,,,,,,,,,,,,,,,,,,郑义,,,,,,,,,,,,,,,,,,,,,,,,,,,,,,,,,,,,,,,,,,,,,,,,,,,,,,,,,,,,,,,,,,,,,,,,,,,,,,,,,,,,
412,红色旅游|红色人物,,,,,,,,,,,,,,,,,,,,,,,,,,,,,,,,,,,,1949 年大连庆祝解放游行,,,,,,,,,,,,,,,,,,,,,,,,,,,,,,,,,,,,,,,,,,,,,,,,,,,,,,,,,,,,,,,,,,,,,,,,,,,,,,,,,,,,
413,红色旅游|红色人物,,,,,,,,,,,,,,,,,,,,,,,,,,,,,,,,,,,,大连工学院学生（1949 年）,,,,,,,,,,,,,,,,,,,,,,,,,,,,,,,,,,,,,,,,,,,,,,,,,,,,,,,,,,,,,,,,,,,,,,,,,,,,,,,,,,,,
414,Property,,,,,,,,,,,1902 年,,,,,,,,,,,,,,,,,,,,,,,,,,,,,出生时间,,,,,,,,,,,,,,,,,,,,,,,,,,,,,,,,,,,,,,,,,,,,,,,,,,,,,,,,,,,,,,,,,,,,,,,,,,,,,,,,
415,Property,,,,,,,,,,,1946 年,,,,,,,,,,,,,,,,,,,,,,,,,,,,,逝世时间,,,,,,,,,,,,,,,,,,,,,,,,,,,,,,,,,,,,,,,,,,,,,,,,,,,,,,,,,,,,,,,,,,,,,,,,,,,,,,,,
416,Property,,,,,,,,,,,大连金州,,,,,,,,,,,,,,,,,,,,,,,,,,,,,籍贯,,,,,,,,,,,,,,,,,,,,,,,,,,,,,,,,,,,,,,,,,,,,,,,,,,,,,,,,,,,,,,,,,,,,,,,,,,,,,,,,
417,Property,,,,,,,,,,,1924 年,,,,,,,,,,,,,,,,,,,,,,,,,,,,,入党时间,,,,,,,,,,,,,,,,,,,,,,,,,,,,,,,,,,,,,,,,,,,,,,,,,,,,,,,,,,,,,,,,,,,,,,,,,,,,,,,,
418,Property,,,,,,,,,,,延安,,,,,,,,,,,,,,,,,,,,,,,,,,,,,逝世地点,,,,,,,,,,,,,,,,,,,,,,,,,,,,,,,,,,,,,,,,,,,,,,,,,,,,,,,,,,,,,,,,,,,,,,,,,,,,,,,,
419,Property,,,,,,,,,,,金永绪,,,,,,,,,,,,,,,,,,,,,,,,,,,,,原名,,,,,,,,,,,,,,,,,,,,,,,,,,,,,,,,,,,,,,,,,,,,,,,,,,,,,,,,,,,,,,,,,,,,,,,,,,,,,,,,
420,Property,,,,,,,,,,,1907 年,,,,,,,,,,,,,,,,,,,,,,,,,,,,,出生时间,,,,,,,,,,,,,,,,,,,,,,,,,,,,,,,,,,,,,,,,,,,,,,,,,,,,,,,,,,,,,,,,,,,,,,,,,,,,,,,,
421,Property,,,,,,,,,,,1933 年,,,,,,,,,,,,,,,,,,,,,,,,,,,,,逝世时间,,,,,,,,,,,,,,,,,,,,,,,,,,,,,,,,,,,,,,,,,,,,,,,,,,,,,,,,,,,,,,,,,,,,,,,,,,,,,,,,
422,Property,,,,,,,,,,,大连旅顺,,,,,,,,,,,,,,,,,,,,,,,,,,,,,籍贯,,,,,,,,,,,,,,,,,,,,,,,,,,,,,,,,,,,,,,,,,,,,,,,,,,,,,,,,,,,,,,,,,,,,,,,,,,,,,,,,
423,Property,,,,,,,,,,,1925 年,,,,,,,,,,,,,,,,,,,,,,,,,,,,,入党时间,,,,,,,,,,,,,,,,,,,,,,,,,,,,,,,,,,,,,,,,,,,,,,,,,,,,,,,,,,,,,,,,,,,,,,,,,,,,,,,,
424,Property,,,,,,,,,,,26 岁,,,,,,,,,,,,,,,,,,,,,,,,,,,,,牺牲年龄,,,,,,,,,,,,,,,,,,,,,,,,,,,,,,,,,,,,,,,,,,,,,,,,,,,,,,,,,,,,,,,,,,,,,,,,,,,,,,,,
425,Property,,,,,,,,,,,革命烈士（追认）,,,,,,,,,,,,,,,,,,,,,,,,,,,,,荣誉,,,,,,,,,,,,,,,,,,,,,,,,,,,,,,,,,,,,,,,,,,,,,,,,,,,,,,,,,,,,,,,,,,,,,,,,,,,,,,,,
426,Property,,,,,,,,,,,1903 年,,,,,,,,,,,,,,,,,,,,,,,,,,,,,出生时间,,,,,,,,,,,,,,,,,,,,,,,,,,,,,,,,,,,,,,,,,,,,,,,,,,,,,,,,,,,,,,,,,,,,,,,,,,,,,,,,
427,Property,,,,,,,,,,,1938 年,,,,,,,,,,,,,,,,,,,,,,,,,,,,,逝世时间,,,,,,,,,,,,,,,,,,,,,,,,,,,,,,,,,,,,,,,,,,,,,,,,,,,,,,,,,,,,,,,,,,,,,,,,,,,,,,,,
428,Property,,,,,,,,,,,大连庄河,,,,,,,,,,,,,,,,,,,,,,,,,,,,,籍贯,,,,,,,,,,,,,,,,,,,,,,,,,,,,,,,,,,,,,,,,,,,,,,,,,,,,,,,,,,,,,,,,,,,,,,,,,,,,,,,,
429,Property,,,,,,,,,,,1936 年,,,,,,,,,,,,,,,,,,,,,,,,,,,,,入党时间,,,,,,,,,,,,,,,,,,,,,,,,,,,,,,,,,,,,,,,,,,,,,,,,,,,,,,,,,,,,,,,,,,,,,,,,,,,,,,,,
430,Property,,,,,,,,,,,1918 年,,,,,,,,,,,,,,,,,,,,,,,,,,,,,出生时间,,,,,,,,,,,,,,,,,,,,,,,,,,,,,,,,,,,,,,,,,,,,,,,,,,,,,,,,,,,,,,,,,,,,,,,,,,,,,,,,
431,Property,,,,,,,,,,,1947 年,,,,,,,,,,,,,,,,,,,,,,,,,,,,,逝世时间,,,,,,,,,,,,,,,,,,,,,,,,,,,,,,,,,,,,,,,,,,,,,,,,,,,,,,,,,,,,,,,,,,,,,,,,,,,,,,,,
432,Property,,,,,,,,,,,大连普兰店,,,,,,,,,,,,,,,,,,,,,,,,,,,,,籍贯,,,,,,,,,,,,,,,,,,,,,,,,,,,,,,,,,,,,,,,,,,,,,,,,,,,,,,,,,,,,,,,,,,,,,,,,,,,,,,,,
433,Property,,,,,,,,,,,1939 年,,,,,,,,,,,,,,,,,,,,,,,,,,,,,入党时间,,,,,,,,,,,,,,,,,,,,,,,,,,,,,,,,,,,,,,,,,,,,,,,,,,,,,,,,,,,,,,,,,,,,,,,,,,,,,,,,
434,Property,,,,,,,,,,,1944 年,,,,,,,,,,,,,,,,,,,,,,,,,,,,,出生时间,,,,,,,,,,,,,,,,,,,,,,,,,,,,,,,,,,,,,,,,,,,,,,,,,,,,,,,,,,,,,,,,,,,,,,,,,,,,,,,,
435,Property,,,,,,,,,,,1969 年,,,,,,,,,,,,,,,,,,,,,,,,,,,,,逝世时间,,,,,,,,,,,,,,,,,,,,,,,,,,,,,,,,,,,,,,,,,,,,,,,,,,,,,,,,,,,,,,,,,,,,,,,,,,,,,,,,
436,Property,,,,,,,,,,,大连新金县（今普兰店）,,,,,,,,,,,,,,,,,,,,,,,,,,,,,籍贯,,,,,,,,,,,,,,,,,,,,,,,,,,,,,,,,,,,,,,,,,,,,,,,,,,,,,,,,,,,,,,,,,,,,,,,,,,,,,,,,
437,Property,,,,,,,,,,,身负重伤仍坚持战斗至牺牲（1969 年珍宝岛战斗）,,,,,,,,,,,,,,,,,,,,,,,,,,,,,战斗状态,,,,,,,,,,,,,,,,,,,,,,,,,,,,,,,,,,,,,,,,,,,,,,,,,,,,,,,,,,,,,,,,,,,,,,,,,,,,,,,,
438,Property,,,,,,,,,,,1926 年,,,,,,,,,,,,,,,,,,,,,,,,,,,,,出生时间,,,,,,,,,,,,,,,,,,,,,,,,,,,,,,,,,,,,,,,,,,,,,,,,,,,,,,,,,,,,,,,,,,,,,,,,,,,,,,,,
439,Property,,,,,,,,,,,2020 年,,,,,,,,,,,,,,,,,,,,,,,,,,,,,逝世时间,,,,,,,,,,,,,,,,,,,,,,,,,,,,,,,,,,,,,,,,,,,,,,,,,,,,,,,,,,,,,,,,,,,,,,,,,,,,,,,,
440,Property,,,,,,,,,,,大连,,,,,,,,,,,,,,,,,,,,,,,,,,,,,籍贯,,,,,,,,,,,,,,,,,,,,,,,,,,,,,,,,,,,,,,,,,,,,,,,,,,,,,,,,,,,,,,,,,,,,,,,,,,,,,,,,
441,Property,,,,,,,,,,,1945 年,,,,,,,,,,,,,,,,,,,,,,,,,,,,,入党时间,,,,,,,,,,,,,,,,,,,,,,,,,,,,,,,,,,,,,,,,,,,,,,,,,,,,,,,,,,,,,,,,,,,,,,,,,,,,,,,,
442,Property,,,,,,,,,,,1906 年,,,,,,,,,,,,,,,,,,,,,,,,,,,,,出生时间,,,,,,,,,,,,,,,,,,,,,,,,,,,,,,,,,,,,,,,,,,,,,,,,,,,,,,,,,,,,,,,,,,,,,,,,,,,,,,,,
443,Property,,,,,,,,,,,1900 年,,,,,,,,,,,,,,,,,,,,,,,,,,,,,出生时间,,,,,,,,,,,,,,,,,,,,,,,,,,,,,,,,,,,,,,,,,,,,,,,,,,,,,,,,,,,,,,,,,,,,,,,,,,,,,,,,
444,Property,,,,,,,,,,,1928 年,,,,,,,,,,,,,,,,,,,,,,,,,,,,,逝世时间,,,,,,,,,,,,,,,,,,,,,,,,,,,,,,,,,,,,,,,,,,,,,,,,,,,,,,,,,,,,,,,,,,,,,,,,,,,,,,,,
445,Property,,,,,,,,,,,1899 年,,,,,,,,,,,,,,,,,,,,,,,,,,,,,出生时间,,,,,,,,,,,,,,,,,,,,,,,,,,,,,,,,,,,,,,,,,,,,,,,,,,,,,,,,,,,,,,,,,,,,,,,,,,,,,,,,
446,Property,,,,,,,,,,,1937 年,,,,,,,,,,,,,,,,,,,,,,,,,,,,,逝世时间,,,,,,,,,,,,,,,,,,,,,,,,,,,,,,,,,,,,,,,,,,,,,,,,,,,,,,,,,,,,,,,,,,,,,,,,,,,,,,,,
447,Property,,,,,,,,,,,1921 年,,,,,,,,,,,,,,,,,,,,,,,,,,,,,入党时间,,,,,,,,,,,,,,,,,,,,,,,,,,,,,,,,,,,,,,,,,,,,,,,,,,,,,,,,,,,,,,,,,,,,,,,,,,,,,,,,
448,Property,,,,,,,,,,,长期积劳成疾,,,,,,,,,,,,,,,,,,,,,,,,,,,,,逝世原因,,,,,,,,,,,,,,,,,,,,,,,,,,,,,,,,,,,,,,,,,,,,,,,,,,,,,,,,,,,,,,,,,,,,,,,,,,,,,,,,
449,Property,,,,,,,,,,,上海,,,,,,,,,,,,,,,,,,,,,,,,,,,,,逝世地点,,,,,,,,,,,,,,,,,,,,,,,,,,,,,,,,,,,,,,,,,,,,,,,,,,,,,,,,,,,,,,,,,,,,,,,,,,,,,,,,
450,Property,,,,,,,,,,,1911 年,,,,,,,,,,,,,,,,,,,,,,,,,,,,,出生时间,,,,,,,,,,,,,,,,,,,,,,,,,,,,,,,,,,,,,,,,,,,,,,,,,,,,,,,,,,,,,,,,,,,,,,,,,,,,,,,,
451,Property,,,,,,,,,,,1940 年,,,,,,,,,,,,,,,,,,,,,,,,,,,,,逝世时间,,,,,,,,,,,,,,,,,,,,,,,,,,,,,,,,,,,,,,,,,,,,,,,,,,,,,,,,,,,,,,,,,,,,,,,,,,,,,,,,
452,Property,,,,,,,,,,,1938 年,,,,,,,,,,,,,,,,,,,,,,,,,,,,,入党时间,,,,,,,,,,,,,,,,,,,,,,,,,,,,,,,,,,,,,,,,,,,,,,,,,,,,,,,,,,,,,,,,,,,,,,,,,,,,,,,,
453,Property,,,,,,,,,,,大连沙河口工厂（1926 年）,,,,,,,,,,,,,,,,,,,,,,,,,,,,,工作单位,,,,,,,,,,,,,,,,,,,,,,,,,,,,,,,,,,,,,,,,,,,,,,,,,,,,,,,,,,,,,,,,,,,,,,,,,,,,,,,,
454,Property,,,,,,,,,,,8 岁（1894 年旅顺万忠墓事件）,,,,,,,,,,,,,,,,,,,,,,,,,,,,,经历事件年龄,,,,,,,,,,,,,,,,,,,,,,,,,,,,,,,,,,,,,,,,,,,,,,,,,,,,,,,,,,,,,,,,,,,,,,,,,,,,,,,,
455,Property,,,,,,,,,,,1946 年,,,,,,,,,,,,,,,,,,,,,,,,,,,,,入党时间,,,,,,,,,,,,,,,,,,,,,,,,,,,,,,,,,,,,,,,,,,,,,,,,,,,,,,,,,,,,,,,,,,,,,,,,,,,,,,,,
456,Property,,,,,,,,,,,被打伤（1925 年工人罢工期间）,,,,,,,,,,,,,,,,,,,,,,,,,,,,,罢工经历,,,,,,,,,,,,,,,,,,,,,,,,,,,,,,,,,,,,,,,,,,,,,,,,,,,,,,,,,,,,,,,,,,,,,,,,,,,,,,,,
457,Property,,,,,,,,,,,坚贞不屈（1938 年）,,,,,,,,,,,,,,,,,,,,,,,,,,,,,被捕表现,,,,,,,,,,,,,,,,,,,,,,,,,,,,,,,,,,,,,,,,,,,,,,,,,,,,,,,,,,,,,,,,,,,,,,,,,,,,,,,,
458,Property,,,,,,,,,,,1948 年 “支前英雄”,,,,,,,,,,,,,,,,,,,,,,,,,,,,,荣誉,,,,,,,,,,,,,,,,,,,,,,,,,,,,,,,,,,,,,,,,,,,,,,,,,,,,,,,,,,,,,,,,,,,,,,,,,,,,,,,,
459,Property,,,,,,,,,,,辽南军区（1948 年）,,,,,,,,,,,,,,,,,,,,,,,,,,,,,表彰单位,,,,,,,,,,,,,,,,,,,,,,,,,,,,,,,,,,,,,,,,,,,,,,,,,,,,,,,,,,,,,,,,,,,,,,,,,,,,,,,,
460,Property,,,,,,,,,,,参与抗日活动（1936 年）,,,,,,,,,,,,,,,,,,,,,,,,,,,,,入狱原因,,,,,,,,,,,,,,,,,,,,,,,,,,,,,,,,,,,,,,,,,,,,,,,,,,,,,,,,,,,,,,,,,,,,,,,,,,,,,,,,
461,Property,,,,,,,,,,,1945 年,,,,,,,,,,,,,,,,,,,,,,,,,,,,,获释时间,,,,,,,,,,,,,,,,,,,,,,,,,,,,,,,,,,,,,,,,,,,,,,,,,,,,,,,,,,,,,,,,,,,,,,,,,,,,,,,,
462,Property,,,,,,,,,,,留下监狱酷刑和反抗故事口述史料,,,,,,,,,,,,,,,,,,,,,,,,,,,,,贡献,,,,,,,,,,,,,,,,,,,,,,,,,,,,,,,,,,,,,,,,,,,,,,,,,,,,,,,,,,,,,,,,,,,,,,,,,,,,,,,,
463,红色旅游|历史事件,,,,,,,,,,,,,,,,,,,,,,,,,,,,,,,,,,,,日本资本家（克扣工资、打骂工人）,,,,,,,,,,,,,,,,,,,,,,,,,,,,,,,,,,,,,,,,,,,,,,,,,,,,,,,,,,,,,,,,,,,,,,,,,,,,,,,,,,,,
464,红色旅游|历史事件,,,,,,,,,,,,,,,,,,,,,,,,,,,,,,,,,,,,全国工人支持,,,,,,,,,,,,,,,,,,,,,,,,,,,,,,,,,,,,,,,,,,,,,,,,,,,,,,,,,,,,,,,,,,,,,,,,,,,,,,,,,,,,
465,红色旅游|历史事件,,,,,,,,,,,,,,,,,,,,,,,,,,,,,,,,,,,,傅景阳,,,,,,,,,,,,,,,,,,,,,,,,,,,,,,,,,,,,,,,,,,,,,,,,,,,,,,,,,,,,,,,,,,,,,,,,,,,,,,,,,,,,
466,红色旅游|历史事件,,,,,,,,,,,,,,,,,,,,,,,,,,,,,,,,,,,,金伯阳,,,,,,,,,,,,,,,,,,,,,,,,,,,,,,,,,,,,,,,,,,,,,,,,,,,,,,,,,,,,,,,,,,,,,,,,,,,,,,,,,,,,
467,Property,,,,,,,,,,,蓝色,,,,,,,,,,,,,,,,,,,,,,,,,,,,,颜色,,,,,,,,,,,,,,,,,,,,,,,,,,,,,,,,,,,,,,,,,,,,,,,,,,,,,,,,,,,,,,,,,,,,,,,,,,,,,,,,
468,Property,,,,,,,,,,,帽檐有磨损,,,,,,,,,,,,,,,,,,,,,,,,,,,,,特征,,,,,,,,,,,,,,,,,,,,,,,,,,,,,,,,,,,,,,,,,,,,,,,,,,,,,,,,,,,,,,,,,,,,,,,,,,,,,,,,
469,Property,,,,,,,,,,,手摇式发报机,,,,,,,,,,,,,,,,,,,,,,,,,,,,,类型,,,,,,,,,,,,,,,,,,,,,,,,,,,,,,,,,,,,,,,,,,,,,,,,,,,,,,,,,,,,,,,,,,,,,,,,,,,,,,,,
470,Property,,,,,,,,,,,黑色金属,,,,,,,,,,,,,,,,,,,,,,,,,,,,,外壳材质,,,,,,,,,,,,,,,,,,,,,,,,,,,,,,,,,,,,,,,,,,,,,,,,,,,,,,,,,,,,,,,,,,,,,,,,,,,,,,,,
471,Property,,,,,,,,,,,仅用于展示（现仍能正常工作）,,,,,,,,,,,,,,,,,,,,,,,,,,,,,用途,,,,,,,,,,,,,,,,,,,,,,,,,,,,,,,,,,,,,,,,,,,,,,,,,,,,,,,,,,,,,,,,,,,,,,,,,,,,,,,,
472,Property,,,,,,,,,,,锈迹斑斑,,,,,,,,,,,,,,,,,,,,,,,,,,,,,状态,,,,,,,,,,,,,,,,,,,,,,,,,,,,,,,,,,,,,,,,,,,,,,,,,,,,,,,,,,,,,,,,,,,,,,,,,,,,,,,,
473,Property,,,,,,,,,,,约 10 厘米,,,,,,,,,,,,,,,,,,,,,,,,,,,,,直径,,,,,,,,,,,,,,,,,,,,,,,,,,,,,,,,,,,,,,,,,,,,,,,,,,,,,,,,,,,,,,,,,,,,,,,,,,,,,,,,
474,Property,,,,,,,,,,,2005 年,,,,,,,,,,,,,,,,,,,,,,,,,,,,,发掘时间,,,,,,,,,,,,,,,,,,,,,,,,,,,,,,,,,,,,,,,,,,,,,,,,,,,,,,,,,,,,,,,,,,,,,,,,,,,,,,,,
475,Property,,,,,,,,,,,俄军使用的榴弹炮弹壳,,,,,,,,,,,,,,,,,,,,,,,,,,,,,推测属性,,,,,,,,,,,,,,,,,,,,,,,,,,,,,,,,,,,,,,,,,,,,,,,,,,,,,,,,,,,,,,,,,,,,,,,,,,,,,,,,
476,Property,,,,,,,,,,,大连博物馆 “近代大连” 展厅,,,,,,,,,,,,,,,,,,,,,,,,,,,,,陈列于,,,,,,,,,,,,,,,,,,,,,,,,,,,,,,,,,,,,,,,,,,,,,,,,,,,,,,,,,,,,,,,,,,,,,,,,,,,,,,,,
477,红色旅游|旅游服务,,,,,,,,,,,,,,,,,,,,,,,,,,,,,,,,,,,,关向应故居纪念馆,,,,,,,,,,,,,,,,,,,,,,,,,,,,,,,,,,,,,,,,,,,,,,,,,,,,,,,,,,,,,,,,,,,,,,,,,,,,,,,,,,,,
478,红色旅游|旅游服务,,,,,,,,,,,,,,,,,,,,,,,,,,,,,,,,,,,,大连中华工学会旧址,,,,,,,,,,,,,,,,,,,,,,,,,,,,,,,,,,,,,,,,,,,,,,,,,,,,,,,,,,,,,,,,,,,,,,,,,,,,,,,,,,,,
479,红色旅游|旅游服务,,,,,,,,,,,,,,,,,,,,,,,,,,,,,,,,,,,,大连烈士陵园,,,,,,,,,,,,,,,,,,,,,,,,,,,,,,,,,,,,,,,,,,,,,,,,,,,,,,,,,,,,,,,,,,,,,,,,,,,,,,,,,,,,
480,红色旅游|旅游服务,,,,,,,,,,,,,,,,,,,,,,,,,,,,,,,,,,,,自驾,,,,,,,,,,,,,,,,,,,,,,,,,,,,,,,,,,,,,,,,,,,,,,,,,,,,,,,,,,,,,,,,,,,,,,,,,,,,,,,,,,,,
481,红色旅游|旅游服务,,,,,,,,,,,,,,,,,,,,,,,,,,,,,,,,,,,,旅顺万忠墓纪念馆,,,,,,,,,,,,,,,,,,,,,,,,,,,,,,,,,,,,,,,,,,,,,,,,,,,,,,,,,,,,,,,,,,,,,,,,,,,,,,,,,,,,
482,红色旅游|旅游服务,,,,,,,,,,,,,,,,,,,,,,,,,,,,,,,,,,,,旅顺日俄监狱旧址博物馆,,,,,,,,,,,,,,,,,,,,,,,,,,,,,,,,,,,,,,,,,,,,,,,,,,,,,,,,,,,,,,,,,,,,,,,,,,,,,,,,,,,,
483,红色旅游|旅游服务,,,,,,,,,,,,,,,,,,,,,,,,,,,,,,,,,,,,旅顺烈士陵园,,,,,,,,,,,,,,,,,,,,,,,,,,,,,,,,,,,,,,,,,,,,,,,,,,,,,,,,,,,,,,,,,,,,,,,,,,,,,,,,,,,,
484,红色旅游|旅游服务,,,,,,,,,,,,,,,,,,,,,,,,,,,,,,,,,,,,旅顺公交 3 路、5 路,,,,,,,,,,,,,,,,,,,,,,,,,,,,,,,,,,,,,,,,,,,,,,,,,,,,,,,,,,,,,,,,,,,,,,,,,,,,,,,,,,,,
485,红色旅游|旅游服务,,,,,,,,,,,,,,,,,,,,,,,,,,,,,,,,,,,,金州烈士陵园,,,,,,,,,,,,,,,,,,,,,,,,,,,,,,,,,,,,,,,,,,,,,,,,,,,,,,,,,,,,,,,,,,,,,,,,,,,,,,,,,,,,
486,红色旅游|旅游服务,,,,,,,,,,,,,,,,,,,,,,,,,,,,,,,,,,,,金州南山战役遗址,,,,,,,,,,,,,,,,,,,,,,,,,,,,,,,,,,,,,,,,,,,,,,,,,,,,,,,,,,,,,,,,,,,,,,,,,,,,,,,,,,,,
487,红色旅游|旅游服务,,,,,,,,,,,,,,,,,,,,,,,,,,,,,,,,,,,,庄河革命烈士陵园,,,,,,,,,,,,,,,,,,,,,,,,,,,,,,,,,,,,,,,,,,,,,,,,,,,,,,,,,,,,,,,,,,,,,,,,,,,,,,,,,,,,
488,红色旅游|旅游服务,,,,,,,,,,,,,,,,,,,,,,,,,,,,,,,,,,,,庄河仙人洞抗日根据地遗址,,,,,,,,,,,,,,,,,,,,,,,,,,,,,,,,,,,,,,,,,,,,,,,,,,,,,,,,,,,,,,,,,,,,,,,,,,,,,,,,,,,,
489,红色旅游|旅游服务,,,,,,,,,,,,,,,,,,,,,,,,,,,,,,,,,,,,庄河市区酒店,,,,,,,,,,,,,,,,,,,,,,,,,,,,,,,,,,,,,,,,,,,,,,,,,,,,,,,,,,,,,,,,,,,,,,,,,,,,,,,,,,,,
490,红色旅游|旅游服务,,,,,,,,,,,,,,,,,,,,,,,,,,,,,,,,,,,,大连博物馆 “近代大连” 展厅,,,,,,,,,,,,,,,,,,,,,,,,,,,,,,,,,,,,,,,,,,,,,,,,,,,,,,,,,,,,,,,,,,,,,,,,,,,,,,,,,,,,
491,红色旅游|历史事件,,,,,,,,,,,,,,,,,,,,,,,,,,,,,,,,,,,,日军（1894 年 11 月 21 日）,,,,,,,,,,,,,,,,,,,,,,,,,,,,,,,,,,,,,,,,,,,,,,,,,,,,,,,,,,,,,,,,,,,,,,,,,,,,,,,,,,,,
492,红色旅游|历史事件,,,,,,,,,,,,,,,,,,,,,,,,,,,,,,,,,,,,甲午战争惨案,,,,,,,,,,,,,,,,,,,,,,,,,,,,,,,,,,,,,,,,,,,,,,,,,,,,,,,,,,,,,,,,,,,,,,,,,,,,,,,,,,,,
493,红色旅游|历史事件,,,,,,,,,,,,,,,,,,,,,,,,,,,,,,,,,,,,日军与俄军,,,,,,,,,,,,,,,,,,,,,,,,,,,,,,,,,,,,,,,,,,,,,,,,,,,,,,,,,,,,,,,,,,,,,,,,,,,,,,,,,,,,
494,红色旅游|历史事件,,,,,,,,,,,,,,,,,,,,,,,,,,,,,,,,,,,,金州南山,,,,,,,,,,,,,,,,,,,,,,,,,,,,,,,,,,,,,,,,,,,,,,,,,,,,,,,,,,,,,,,,,,,,,,,,,,,,,,,,,,,,
495,红色旅游|历史事件,,,,,,,,,,,,,,,,,,,,,,,,,,,,,,,,,,,,日军占领南山,,,,,,,,,,,,,,,,,,,,,,,,,,,,,,,,,,,,,,,,,,,,,,,,,,,,,,,,,,,,,,,,,,,,,,,,,,,,,,,,,,,,
496,红色旅游|历史事件,,,,,,,,,,,,,,,,,,,,,,,,,,,,,,,,,,,,现为爱国主义教育基地,,,,,,,,,,,,,,,,,,,,,,,,,,,,,,,,,,,,,,,,,,,,,,,,,,,,,,,,,,,,,,,,,,,,,,,,,,,,,,,,,,,,
497,红色旅游|历史事件,,,,,,,,,,,,,,,,,,,,,,,,,,,,,,,,,,,,日本对旅大地区殖民统治（40 年）,,,,,,,,,,,,,,,,,,,,,,,,,,,,,,,,,,,,,,,,,,,,,,,,,,,,,,,,,,,,,,,,,,,,,,,,,,,,,,,,,,,,
498,红色旅游|历史事件,,,,,,,,,,,,,,,,,,,,,,,,,,,,,,,,,,,,旅大地区政权建设,,,,,,,,,,,,,,,,,,,,,,,,,,,,,,,,,,,,,,,,,,,,,,,,,,,,,,,,,,,,,,,,,,,,,,,,,,,,,,,,,,,,
499,红色旅游|历史事件,,,,,,,,,,,,,,,,,,,,,,,,,,,,,,,,,,,,旅大地区恢复生产（1945 年旅大解放后）,,,,,,,,,,,,,,,,,,,,,,,,,,,,,,,,,,,,,,,,,,,,,,,,,,,,,,,,,,,,,,,,,,,,,,,,,,,,,,,,,,,,
500,红色旅游|历史事件,,,,,,,,,,,,,,,,,,,,,,,,,,,,,,,,,,,,大连地区抗日救国会,,,,,,,,,,,,,,,,,,,,,,,,,,,,,,,,,,,,,,,,,,,,,,,,,,,,,,,,,,,,,,,,,,,,,,,,,,,,,,,,,,,,
501,红色旅游|历史事件,,,,,,,,,,,,,,,,,,,,,,,,,,,,,,,,,,,,抗日宣传活动,,,,,,,,,,,,,,,,,,,,,,,,,,,,,,,,,,,,,,,,,,,,,,,,,,,,,,,,,,,,,,,,,,,,,,,,,,,,,,,,,,,,
502,红色旅游|历史事件,,,,,,,,,,,,,,,,,,,,,,,,,,,,,,,,,,,,日军（1932 年）,,,,,,,,,,,,,,,,,,,,,,,,,,,,,,,,,,,,,,,,,,,,,,,,,,,,,,,,,,,,,,,,,,,,,,,,,,,,,,,,,,,,
503,红色旅游|历史事件,,,,,,,,,,,,,,,,,,,,,,,,,,,,,,,,,,,,东北抗日联军辽南重要据点,,,,,,,,,,,,,,,,,,,,,,,,,,,,,,,,,,,,,,,,,,,,,,,,,,,,,,,,,,,,,,,,,,,,,,,,,,,,,,,,,,,,
504,红色旅游|历史事件,,,,,,,,,,,,,,,,,,,,,,,,,,,,,,,,,,,,日军 “扫荡”（多次）,,,,,,,,,,,,,,,,,,,,,,,,,,,,,,,,,,,,,,,,,,,,,,,,,,,,,,,,,,,,,,,,,,,,,,,,,,,,,,,,,,,,
505,红色旅游|历史事件,,,,,,,,,,,,,,,,,,,,,,,,,,,,,,,,,,,,辽沈战役前奏,,,,,,,,,,,,,,,,,,,,,,,,,,,,,,,,,,,,,,,,,,,,,,,,,,,,,,,,,,,,,,,,,,,,,,,,,,,,,,,,,,,,
506,红色旅游|历史事件,,,,,,,,,,,,,,,,,,,,,,,,,,,,,,,,,,,,解放军与国民党守军,,,,,,,,,,,,,,,,,,,,,,,,,,,,,,,,,,,,,,,,,,,,,,,,,,,,,,,,,,,,,,,,,,,,,,,,,,,,,,,,,,,,
507,红色旅游|历史事件,,,,,,,,,,,,,,,,,,,,,,,,,,,,,,,,,,,,解放军歼灭国民党守军 2000 余人,,,,,,,,,,,,,,,,,,,,,,,,,,,,,,,,,,,,,,,,,,,,,,,,,,,,,,,,,,,,,,,,,,,,,,,,,,,,,,,,,,,,
508,红色旅游|历史事件,,,,,,,,,,,,,,,,,,,,,,,,,,,,,,,,,,,,为解放大连地区扫清障碍,,,,,,,,,,,,,,,,,,,,,,,,,,,,,,,,,,,,,,,,,,,,,,,,,,,,,,,,,,,,,,,,,,,,,,,,,,,,,,,,,,,,
509,红色旅游|历史事件,,,,,,,,,,,,,,,,,,,,,,,,,,,,,,,,,,,,1923 年 12 月 2 日（沙河口）,,,,,,,,,,,,,,,,,,,,,,,,,,,,,,,,,,,,,,,,,,,,,,,,,,,,,,,,,,,,,,,,,,,,,,,,,,,,,,,,,,,,
510,红色旅游|历史事件,,,,,,,,,,,,,,,,,,,,,,,,,,,,,,,,,,,,东北地区最早工人组织之一,,,,,,,,,,,,,,,,,,,,,,,,,,,,,,,,,,,,,,,,,,,,,,,,,,,,,,,,,,,,,,,,,,,,,,,,,,,,,,,,,,,,
511,红色旅游|历史事件,,,,,,,,,,,,,,,,,,,,,,,,,,,,,,,,,,,,日军码头（1938 年）,,,,,,,,,,,,,,,,,,,,,,,,,,,,,,,,,,,,,,,,,,,,,,,,,,,,,,,,,,,,,,,,,,,,,,,,,,,,,,,,,,,,
512,红色旅游|历史事件,,,,,,,,,,,,,,,,,,,,,,,,,,,,,,,,,,,,日军运输船 3 艘,,,,,,,,,,,,,,,,,,,,,,,,,,,,,,,,,,,,,,,,,,,,,,,,,,,,,,,,,,,,,,,,,,,,,,,,,,,,,,,,,,,,
513,红色旅游|历史事件,,,,,,,,,,,,,,,,,,,,,,,,,,,,,,,,,,,,步枪 50 余支,,,,,,,,,,,,,,,,,,,,,,,,,,,,,,,,,,,,,,,,,,,,,,,,,,,,,,,,,,,,,,,,,,,,,,,,,,,,,,,,,,,,
514,红色旅游|历史事件,,,,,,,,,,,,,,,,,,,,,,,,,,,,,,,,,,,,日军加强大连湾戒备、抗日武装转移至山区,,,,,,,,,,,,,,,,,,,,,,,,,,,,,,,,,,,,,,,,,,,,,,,,,,,,,,,,,,,,,,,,,,,,,,,,,,,,,,,,,,,,
515,红色旅游|历史事件,,,,,,,,,,,,,,,,,,,,,,,,,,,,,,,,,,,,大连总工会（1946 年）,,,,,,,,,,,,,,,,,,,,,,,,,,,,,,,,,,,,,,,,,,,,,,,,,,,,,,,,,,,,,,,,,,,,,,,,,,,,,,,,,,,,
516,红色旅游|历史事件,,,,,,,,,,,,,,,,,,,,,,,,,,,,,,,,,,,,全国反俄运动（1905 年）,,,,,,,,,,,,,,,,,,,,,,,,,,,,,,,,,,,,,,,,,,,,,,,,,,,,,,,,,,,,,,,,,,,,,,,,,,,,,,,,,,,,
517,红色旅游|历史事件,,,,,,,,,,,,,,,,,,,,,,,,,,,,,,,,,,,,沙俄在大连殖民统治,,,,,,,,,,,,,,,,,,,,,,,,,,,,,,,,,,,,,,,,,,,,,,,,,,,,,,,,,,,,,,,,,,,,,,,,,,,,,,,,,,,,
518,红色旅游|历史事件,,,,,,,,,,,,,,,,,,,,,,,,,,,,,,,,,,,,沙俄军队（1905 年）,,,,,,,,,,,,,,,,,,,,,,,,,,,,,,,,,,,,,,,,,,,,,,,,,,,,,,,,,,,,,,,,,,,,,,,,,,,,,,,,,,,,
519,红色旅游|历史事件,,,,,,,,,,,,,,,,,,,,,,,,,,,,,,,,,,,,12 名抗日志士（1936 年）,,,,,,,,,,,,,,,,,,,,,,,,,,,,,,,,,,,,,,,,,,,,,,,,,,,,,,,,,,,,,,,,,,,,,,,,,,,,,,,,,,,,
520,红色旅游|历史事件,,,,,,,,,,,,,,,,,,,,,,,,,,,,,,,,,,,,8 人成功逃脱、4 人牺牲,,,,,,,,,,,,,,,,,,,,,,,,,,,,,,,,,,,,,,,,,,,,,,,,,,,,,,,,,,,,,,,,,,,,,,,,,,,,,,,,,,,,
521,红色旅游|历史事件,,,,,,,,,,,,,,,,,,,,,,,,,,,,,,,,,,,,鼓舞大连地区抗日斗志、日军加强监狱看守,,,,,,,,,,,,,,,,,,,,,,,,,,,,,,,,,,,,,,,,,,,,,,,,,,,,,,,,,,,,,,,,,,,,,,,,,,,,,,,,,,,,
522,红色旅游|历史事件,,,,,,,,,,,,,,,,,,,,,,,,,,,,,,,,,,,,中共旅大市委（1949 年 10 月 1 日）,,,,,,,,,,,,,,,,,,,,,,,,,,,,,,,,,,,,,,,,,,,,,,,,,,,,,,,,,,,,,,,,,,,,,,,,,,,,,,,,,,,,
523,红色旅游|历史事件,,,,,,,,,,,,,,,,,,,,,,,,,,,,,,,,,,,,中山广场,,,,,,,,,,,,,,,,,,,,,,,,,,,,,,,,,,,,,,,,,,,,,,,,,,,,,,,,,,,,,,,,,,,,,,,,,,,,,,,,,,,,
524,红色旅游|历史事件,,,,,,,,,,,,,,,,,,,,,,,,,,,,,,,,,,,,大连主要街道,,,,,,,,,,,,,,,,,,,,,,,,,,,,,,,,,,,,,,,,,,,,,,,,,,,,,,,,,,,,,,,,,,,,,,,,,,,,,,,,,,,,
525,红色旅游|历史事件,,,,,,,,,,,,,,,,,,,,,,,,,,,,,,,,,,,,大连人民（1928 年，金伯阳牺牲后）,,,,,,,,,,,,,,,,,,,,,,,,,,,,,,,,,,,,,,,,,,,,,,,,,,,,,,,,,,,,,,,,,,,,,,,,,,,,,,,,,,,,
526,红色旅游|历史事件,,,,,,,,,,,,,,,,,,,,,,,,,,,,,,,,,,,,金伯阳革命事迹,,,,,,,,,,,,,,,,,,,,,,,,,,,,,,,,,,,,,,,,,,,,,,,,,,,,,,,,,,,,,,,,,,,,,,,,,,,,,,,,,,,,
527,Property,,,,,,,,,,,1926 年 4 月 27 日,,,,,,,,,,,,,,,,,,,,,,,,,,,,,发生时间,,,,,,,,,,,,,,,,,,,,,,,,,,,,,,,,,,,,,,,,,,,,,,,,,,,,,,,,,,,,,,,,,,,,,,,,,,,,,,,,
528,Property,,,,,,,,,,,大连历史上最大工人罢工,,,,,,,,,,,,,,,,,,,,,,,,,,,,,规模,,,,,,,,,,,,,,,,,,,,,,,,,,,,,,,,,,,,,,,,,,,,,,,,,,,,,,,,,,,,,,,,,,,,,,,,,,,,,,,,
529,Property,,,,,,,,,,,3 万余人,,,,,,,,,,,,,,,,,,,,,,,,,,,,,参与人数,,,,,,,,,,,,,,,,,,,,,,,,,,,,,,,,,,,,,,,,,,,,,,,,,,,,,,,,,,,,,,,,,,,,,,,,,,,,,,,,
530,Property,,,,,,,,,,,101 天,,,,,,,,,,,,,,,,,,,,,,,,,,,,,持续时间,,,,,,,,,,,,,,,,,,,,,,,,,,,,,,,,,,,,,,,,,,,,,,,,,,,,,,,,,,,,,,,,,,,,,,,,,,,,,,,,
531,Property,,,,,,,,,,,迫使资本家让步,,,,,,,,,,,,,,,,,,,,,,,,,,,,,结果,,,,,,,,,,,,,,,,,,,,,,,,,,,,,,,,,,,,,,,,,,,,,,,,,,,,,,,,,,,,,,,,,,,,,,,,,,,,,,,,
532,Property,,,,,,,,,,,1894 年 11 月 21 日,,,,,,,,,,,,,,,,,,,,,,,,,,,,,发生时间,,,,,,,,,,,,,,,,,,,,,,,,,,,,,,,,,,,,,,,,,,,,,,,,,,,,,,,,,,,,,,,,,,,,,,,,,,,,,,,,
533,Property,,,,,,,,,,,4 天 3 夜,,,,,,,,,,,,,,,,,,,,,,,,,,,,,持续时间,,,,,,,,,,,,,,,,,,,,,,,,,,,,,,,,,,,,,,,,,,,,,,,,,,,,,,,,,,,,,,,,,,,,,,,,,,,,,,,,
534,Property,,,,,,,,,,,约 2 万平民遇难、仅 36 人幸存（掩埋尸体）,,,,,,,,,,,,,,,,,,,,,,,,,,,,,伤亡人数,,,,,,,,,,,,,,,,,,,,,,,,,,,,,,,,,,,,,,,,,,,,,,,,,,,,,,,,,,,,,,,,,,,,,,,,,,,,,,,,
535,Property,,,,,,,,,,,1904 年,,,,,,,,,,,,,,,,,,,,,,,,,,,,,发生时间,,,,,,,,,,,,,,,,,,,,,,,,,,,,,,,,,,,,,,,,,,,,,,,,,,,,,,,,,,,,,,,,,,,,,,,,,,,,,,,,
536,Property,,,,,,,,,,,约 4000 人,,,,,,,,,,,,,,,,,,,,,,,,,,,,,伤亡人数,,,,,,,,,,,,,,,,,,,,,,,,,,,,,,,,,,,,,,,,,,,,,,,,,,,,,,,,,,,,,,,,,,,,,,,,,,,,,,,,
537,Property,,,,,,,,,,,1945 年 8 月 22 日,,,,,,,,,,,,,,,,,,,,,,,,,,,,,发生时间,,,,,,,,,,,,,,,,,,,,,,,,,,,,,,,,,,,,,,,,,,,,,,,,,,,,,,,,,,,,,,,,,,,,,,,,,,,,,,,,
538,Property,,,,,,,,,,,1945 年旅大解放后,,,,,,,,,,,,,,,,,,,,,,,,,,,,,发生时间,,,,,,,,,,,,,,,,,,,,,,,,,,,,,,,,,,,,,,,,,,,,,,,,,,,,,,,,,,,,,,,,,,,,,,,,,,,,,,,,
539,Property,,,,,,,,,,,1932 年,,,,,,,,,,,,,,,,,,,,,,,,,,,,,发生时间,,,,,,,,,,,,,,,,,,,,,,,,,,,,,,,,,,,,,,,,,,,,,,,,,,,,,,,,,,,,,,,,,,,,,,,,,,,,,,,,
540,Property,,,,,,,,,,,100 多名会员被捕、部分被杀害,,,,,,,,,,,,,,,,,,,,,,,,,,,,,结果,,,,,,,,,,,,,,,,,,,,,,,,,,,,,,,,,,,,,,,,,,,,,,,,,,,,,,,,,,,,,,,,,,,,,,,,,,,,,,,,
541,Property,,,,,,,,,,,1935 年,,,,,,,,,,,,,,,,,,,,,,,,,,,,,建立时间,,,,,,,,,,,,,,,,,,,,,,,,,,,,,,,,,,,,,,,,,,,,,,,,,,,,,,,,,,,,,,,,,,,,,,,,,,,,,,,,
542,Property,,,,,,,,,,,至 1938 年,,,,,,,,,,,,,,,,,,,,,,,,,,,,,坚持时间,,,,,,,,,,,,,,,,,,,,,,,,,,,,,,,,,,,,,,,,,,,,,,,,,,,,,,,,,,,,,,,,,,,,,,,,,,,,,,,,
543,Property,,,,,,,,,,,1947 年,,,,,,,,,,,,,,,,,,,,,,,,,,,,,发生时间,,,,,,,,,,,,,,,,,,,,,,,,,,,,,,,,,,,,,,,,,,,,,,,,,,,,,,,,,,,,,,,,,,,,,,,,,,,,,,,,
544,Property,,,,,,,,,,,1947 年 12 月,,,,,,,,,,,,,,,,,,,,,,,,,,,,,时间,,,,,,,,,,,,,,,,,,,,,,,,,,,,,,,,,,,,,,,,,,,,,,,,,,,,,,,,,,,,,,,,,,,,,,,,,,,,,,,,
545,Property,,,,,,,,,,,1923 年 12 月 2 日,,,,,,,,,,,,,,,,,,,,,,,,,,,,,成立时间,,,,,,,,,,,,,,,,,,,,,,,,,,,,,,,,,,,,,,,,,,,,,,,,,,,,,,,,,,,,,,,,,,,,,,,,,,,,,,,,
546,Property,,,,,,,,,,,沙河口,,,,,,,,,,,,,,,,,,,,,,,,,,,,,成立地点,,,,,,,,,,,,,,,,,,,,,,,,,,,,,,,,,,,,,,,,,,,,,,,,,,,,,,,,,,,,,,,,,,,,,,,,,,,,,,,,
547,Property,,,,,,,,,,,300 余人,,,,,,,,,,,,,,,,,,,,,,,,,,,,,成立时会员数,,,,,,,,,,,,,,,,,,,,,,,,,,,,,,,,,,,,,,,,,,,,,,,,,,,,,,,,,,,,,,,,,,,,,,,,,,,,,,,,
548,Property,,,,,,,,,,,1938 年,,,,,,,,,,,,,,,,,,,,,,,,,,,,,发生时间,,,,,,,,,,,,,,,,,,,,,,,,,,,,,,,,,,,,,,,,,,,,,,,,,,,,,,,,,,,,,,,,,,,,,,,,,,,,,,,,
549,Property,,,,,,,,,,,1946 年,,,,,,,,,,,,,,,,,,,,,,,,,,,,,召开时间,,,,,,,,,,,,,,,,,,,,,,,,,,,,,,,,,,,,,,,,,,,,,,,,,,,,,,,,,,,,,,,,,,,,,,,,,,,,,,,,
550,Property,,,,,,,,,,,推动工人运动发展,,,,,,,,,,,,,,,,,,,,,,,,,,,,,影响,,,,,,,,,,,,,,,,,,,,,,,,,,,,,,,,,,,,,,,,,,,,,,,,,,,,,,,,,,,,,,,,,,,,,,,,,,,,,,,,
551,Property,,,,,,,,,,,得到工人广泛支持,,,,,,,,,,,,,,,,,,,,,,,,,,,,,反响,,,,,,,,,,,,,,,,,,,,,,,,,,,,,,,,,,,,,,,,,,,,,,,,,,,,,,,,,,,,,,,,,,,,,,,,,,,,,,,,
552,Property,,,,,,,,,,,1905 年,,,,,,,,,,,,,,,,,,,,,,,,,,,,,发生时间,,,,,,,,,,,,,,,,,,,,,,,,,,,,,,,,,,,,,,,,,,,,,,,,,,,,,,,,,,,,,,,,,,,,,,,,,,,,,,,,
553,Property,,,,,,,,,,,罢市、游行,,,,,,,,,,,,,,,,,,,,,,,,,,,,,形式,,,,,,,,,,,,,,,,,,,,,,,,,,,,,,,,,,,,,,,,,,,,,,,,,,,,,,,,,,,,,,,,,,,,,,,,,,,,,,,,
554,Property,,,,,,,,,,,100 多名参与者被捕,,,,,,,,,,,,,,,,,,,,,,,,,,,,,结果,,,,,,,,,,,,,,,,,,,,,,,,,,,,,,,,,,,,,,,,,,,,,,,,,,,,,,,,,,,,,,,,,,,,,,,,,,,,,,,,
555,Property,,,,,,,,,,,1936 年,,,,,,,,,,,,,,,,,,,,,,,,,,,,,发生时间,,,,,,,,,,,,,,,,,,,,,,,,,,,,,,,,,,,,,,,,,,,,,,,,,,,,,,,,,,,,,,,,,,,,,,,,,,,,,,,,
556,Property,,,,,,,,,,,1949 年 10 月 1 日,,,,,,,,,,,,,,,,,,,,,,,,,,,,,发生时间,,,,,,,,,,,,,,,,,,,,,,,,,,,,,,,,,,,,,,,,,,,,,,,,,,,,,,,,,,,,,,,,,,,,,,,,,,,,,,,,
557,Property,,,,,,,,,,,万人参与,,,,,,,,,,,,,,,,,,,,,,,,,,,,,规模,,,,,,,,,,,,,,,,,,,,,,,,,,,,,,,,,,,,,,,,,,,,,,,,,,,,,,,,,,,,,,,,,,,,,,,,,,,,,,,,
558,Property,,,,,,,,,,,1928 年,,,,,,,,,,,,,,,,,,,,,,,,,,,,,召开时间,,,,,,,,,,,,,,,,,,,,,,,,,,,,,,,,,,,,,,,,,,,,,,,,,,,,,,,,,,,,,,,,,,,,,,,,,,,,,,,,
559,Property,,,,,,,,,,,数千人,,,,,,,,,,,,,,,,,,,,,,,,,,,,,参与人数,,,,,,,,,,,,,,,,,,,,,,,,,,,,,,,,,,,,,,,,,,,,,,,,,,,,,,,,,,,,,,,,,,,,,,,,,,,,,,,,
560,红色旅游|红色展品,,,,,,,,,,,,,,,,,,,,,,,,,,,,,,,,,,,,关向应故居纪念馆,,,,,,,,,,,,,,,,,,,,,,,,,,,,,,,,,,,,,,,,,,,,,,,,,,,,,,,,,,,,,,,,,,,,,,,,,,,,,,,,,,,,
561,红色旅游|红色展品,,,,,,,,,,,,,,,,,,,,,,,,,,,,,,,,,,,,苏联（关向应学习期间）,,,,,,,,,,,,,,,,,,,,,,,,,,,,,,,,,,,,,,,,,,,,,,,,,,,,,,,,,,,,,,,,,,,,,,,,,,,,,,,,,,,,
562,红色旅游|红色展品,,,,,,,,,,,,,,,,,,,,,,,,,,,,,,,,,,,,大连中华工学会旧址纪念馆,,,,,,,,,,,,,,,,,,,,,,,,,,,,,,,,,,,,,,,,,,,,,,,,,,,,,,,,,,,,,,,,,,,,,,,,,,,,,,,,,,,,
563,红色旅游|旅游服务,,,,,,,,,,,,,,,,,,,,,,,,,,,,,,,,,,,,旅顺日俄监狱,,,,,,,,,,,,,,,,,,,,,,,,,,,,,,,,,,,,,,,,,,,,,,,,,,,,,,,,,,,,,,,,,,,,,,,,,,,,,,,,,,,,
564,红色旅游|旅游服务,,,,,,,,,,,,,,,,,,,,,,,,,,,,,,,,,,,,大连博物馆,,,,,,,,,,,,,,,,,,,,,,,,,,,,,,,,,,,,,,,,,,,,,,,,,,,,,,,,,,,,,,,,,,,,,,,,,,,,,,,,,,,,
565,红色旅游|旅游服务,,,,,,,,,,,,,,,,,,,,,,,,,,,,,,,,,,,,大长山岛长海县烈士陵园,,,,,,,,,,,,,,,,,,,,,,,,,,,,,,,,,,,,,,,,,,,,,,,,,,,,,,,,,,,,,,,,,,,,,,,,,,,,,,,,,,,,
566,红色旅游|旅游服务,,,,,,,,,,,,,,,,,,,,,,,,,,,,,,,,,,,,海岛抗日纪念馆,,,,,,,,,,,,,,,,,,,,,,,,,,,,,,,,,,,,,,,,,,,,,,,,,,,,,,,,,,,,,,,,,,,,,,,,,,,,,,,,,,,,
567,红色旅游|旅游服务,,,,,,,,,,,,,,,,,,,,,,,,,,,,,,,,,,,,大连港轮渡（至大长山岛）,,,,,,,,,,,,,,,,,,,,,,,,,,,,,,,,,,,,,,,,,,,,,,,,,,,,,,,,,,,,,,,,,,,,,,,,,,,,,,,,,,,,
568,红色旅游|旅游服务,,,,,,,,,,,,,,,,,,,,,,,,,,,,,,,,,,,,长海县大长山岛,,,,,,,,,,,,,,,,,,,,,,,,,,,,,,,,,,,,,,,,,,,,,,,,,,,,,,,,,,,,,,,,,,,,,,,,,,,,,,,,,,,,
569,红色旅游|旅游服务,,,,,,,,,,,,,,,,,,,,,,,,,,,,,,,,,,,,租电动车游览,,,,,,,,,,,,,,,,,,,,,,,,,,,,,,,,,,,,,,,,,,,,,,,,,,,,,,,,,,,,,,,,,,,,,,,,,,,,,,,,,,,,
570,红色旅游|旅游服务,,,,,,,,,,,,,,,,,,,,,,,,,,,,,,,,,,,,傅景阳故居,,,,,,,,,,,,,,,,,,,,,,,,,,,,,,,,,,,,,,,,,,,,,,,,,,,,,,,,,,,,,,,,,,,,,,,,,,,,,,,,,,,,
571,红色旅游|旅游服务,,,,,,,,,,,,,,,,,,,,,,,,,,,,,,,,,,,,步行、骑行,,,,,,,,,,,,,,,,,,,,,,,,,,,,,,,,,,,,,,,,,,,,,,,,,,,,,,,,,,,,,,,,,,,,,,,,,,,,,,,,,,,,
572,红色旅游|旅游服务,,,,,,,,,,,,,,,,,,,,,,,,,,,,,,,,,,,,庄河仙人洞抗日根据地,,,,,,,,,,,,,,,,,,,,,,,,,,,,,,,,,,,,,,,,,,,,,,,,,,,,,,,,,,,,,,,,,,,,,,,,,,,,,,,,,,,,
573,红色旅游|旅游服务,,,,,,,,,,,,,,,,,,,,,,,,,,,,,,,,,,,,瓦房店永宁镇抗日遗址,,,,,,,,,,,,,,,,,,,,,,,,,,,,,,,,,,,,,,,,,,,,,,,,,,,,,,,,,,,,,,,,,,,,,,,,,,,,,,,,,,,,
574,Property,,,,,,,,,,,约 50 公里,,,,,,,,,,,,,,,,,,,,,,,,,,,,,全程距离,,,,,,,,,,,,,,,,,,,,,,,,,,,,,,,,,,,,,,,,,,,,,,,,,,,,,,,,,,,,,,,,,,,,,,,,,,,,,,,,
575,Property,,,,,,,,,,,关向应故居纪念馆至中华工学会旧址约 40 分钟,,,,,,,,,,,,,,,,,,,,,,,,,,,,,路段车程,,,,,,,,,,,,,,,,,,,,,,,,,,,,,,,,,,,,,,,,,,,,,,,,,,,,,,,,,,,,,,,,,,,,,,,,,,,,,,,,
576,Property,,,,,,,,,,,半天,,,,,,,,,,,,,,,,,,,,,,,,,,,,,建议时长,,,,,,,,,,,,,,,,,,,,,,,,,,,,,,,,,,,,,,,,,,,,,,,,,,,,,,,,,,,,,,,,,,,,,,,,,,,,,,,,
577,Property,,,,,,,,,,,各景点间约 15 分钟,,,,,,,,,,,,,,,,,,,,,,,,,,,,,路段车程,,,,,,,,,,,,,,,,,,,,,,,,,,,,,,,,,,,,,,,,,,,,,,,,,,,,,,,,,,,,,,,,,,,,,,,,,,,,,,,,
578,Property,,,,,,,,,,,历史爱好者,,,,,,,,,,,,,,,,,,,,,,,,,,,,,适合人群,,,,,,,,,,,,,,,,,,,,,,,,,,,,,,,,,,,,,,,,,,,,,,,,,,,,,,,,,,,,,,,,,,,,,,,,,,,,,,,,
579,Property,,,,,,,,,,,上午参观烈士陵园和故居，下午前往南山战役遗址（登顶俯瞰金州城区）,,,,,,,,,,,,,,,,,,,,,,,,,,,,,建议行程,,,,,,,,,,,,,,,,,,,,,,,,,,,,,,,,,,,,,,,,,,,,,,,,,,,,,,,,,,,,,,,,,,,,,,,,,,,,,,,,
580,Property,,,,,,,,,,,第一天参观烈士陵园和仙人洞遗址，第二天返程,,,,,,,,,,,,,,,,,,,,,,,,,,,,,行程安排,,,,,,,,,,,,,,,,,,,,,,,,,,,,,,,,,,,,,,,,,,,,,,,,,,,,,,,,,,,,,,,,,,,,,,,,,,,,,,,,
581,Property,,,,,,,,,,,庄河市区约 50 公里,,,,,,,,,,,,,,,,,,,,,,,,,,,,,距离,,,,,,,,,,,,,,,,,,,,,,,,,,,,,,,,,,,,,,,,,,,,,,,,,,,,,,,,,,,,,,,,,,,,,,,,,,,,,,,,
582,Property,,,,,,,,,,,至市区约 1 小时,,,,,,,,,,,,,,,,,,,,,,,,,,,,,车程,,,,,,,,,,,,,,,,,,,,,,,,,,,,,,,,,,,,,,,,,,,,,,,,,,,,,,,,,,,,,,,,,,,,,,,,,,,,,,,,
583,Property,,,,,,,,,,,展现大连殖民历史,,,,,,,,,,,,,,,,,,,,,,,,,,,,,主题,,,,,,,,,,,,,,,,,,,,,,,,,,,,,,,,,,,,,,,,,,,,,,,,,,,,,,,,,,,,,,,,,,,,,,,,,,,,,,,,
584,Property,,,,,,,,,,,先参观博物馆了解背景，再实地探访遗址（加深理解）,,,,,,,,,,,,,,,,,,,,,,,,,,,,,建议行程,,,,,,,,,,,,,,,,,,,,,,,,,,,,,,,,,,,,,,,,,,,,,,,,,,,,,,,,,,,,,,,,,,,,,,,,,,,,,,,,
585,Property,,,,,,,,,,,6 岁以上,,,,,,,,,,,,,,,,,,,,,,,,,,,,,适合儿童年龄,,,,,,,,,,,,,,,,,,,,,,,,,,,,,,,,,,,,,,,,,,,,,,,,,,,,,,,,,,,,,,,,,,,,,,,,,,,,,,,,
586,Property,,,,,,,,,,,提前 3 天在官网预约,,,,,,,,,,,,,,,,,,,,,,,,,,,,,预约要求,,,,,,,,,,,,,,,,,,,,,,,,,,,,,,,,,,,,,,,,,,,,,,,,,,,,,,,,,,,,,,,,,,,,,,,,,,,,,,,,
587,Property,,,,,,,,,,,步行（约 2 小时）,,,,,,,,,,,,,,,,,,,,,,,,,,,,,参观方式,,,,,,,,,,,,,,,,,,,,,,,,,,,,,,,,,,,,,,,,,,,,,,,,,,,,,,,,,,,,,,,,,,,,,,,,,,,,,,,,
588,Property,,,,,,,,,,,夏季（海岛游顺道参观）,,,,,,,,,,,,,,,,,,,,,,,,,,,,,适合季节,,,,,,,,,,,,,,,,,,,,,,,,,,,,,,,,,,,,,,,,,,,,,,,,,,,,,,,,,,,,,,,,,,,,,,,,,,,,,,,,
589,Property,,,,,,,,,,,大连港至大长山岛约 1.5 小时,,,,,,,,,,,,,,,,,,,,,,,,,,,,,轮渡时长,,,,,,,,,,,,,,,,,,,,,,,,,,,,,,,,,,,,,,,,,,,,,,,,,,,,,,,,,,,,,,,,,,,,,,,,,,,,,,,,
590,Property,,,,,,,,,,,集中在沙河口区,,,,,,,,,,,,,,,,,,,,,,,,,,,,,景点分布,,,,,,,,,,,,,,,,,,,,,,,,,,,,,,,,,,,,,,,,,,,,,,,,,,,,,,,,,,,,,,,,,,,,,,,,,,,,,,,,
591,Property,,,,,,,,,,,约 3 公里,,,,,,,,,,,,,,,,,,,,,,,,,,,,,全程距离,,,,,,,,,,,,,,,,,,,,,,,,,,,,,,,,,,,,,,,,,,,,,,,,,,,,,,,,,,,,,,,,,,,,,,,,,,,,,,,,
592,Property,,,,,,,,,,,2 天,,,,,,,,,,,,,,,,,,,,,,,,,,,,,建议时长,,,,,,,,,,,,,,,,,,,,,,,,,,,,,,,,,,,,,,,,,,,,,,,,,,,,,,,,,,,,,,,,,,,,,,,,,,,,,,,,
593,Property,,,,,,,,,,,第一天庄河至瓦房店，第二天瓦房店至金州,,,,,,,,,,,,,,,,,,,,,,,,,,,,,行程安排,,,,,,,,,,,,,,,,,,,,,,,,,,,,,,,,,,,,,,,,,,,,,,,,,,,,,,,,,,,,,,,,,,,,,,,,,,,,,,,,
594,Property,,,,,,,,,,,沿途可品尝当地农家菜,,,,,,,,,,,,,,,,,,,,,,,,,,,,,配套体验,,,,,,,,,,,,,,,,,,,,,,,,,,,,,,,,,,,,,,,,,,,,,,,,,,,,,,,,,,,,,,,,,,,,,,,,,,,,,,,,
595,分类,,,,,,,,,,,,,,,,,,,,,,,,,,,,红色场馆类,,,,,,,,,,,,,,,,,,,,,,,,,,,,,,,,,,,,,,,,,,,,,,,,,,,,,,,,,,,,,,,,,,,,,,,,,,,,,,,,,,,,,,,,,,,,
596,分类,,,,,,,,,,,,,,,,,,,,,,,,,,,,红色人物类,,,,,,,,,,,,,,,,,,,,,,,,,,,,,,,,,,,,,,,,,,,,,,,,,,,,,,,,,,,,,,,,,,,,,,,,,,,,,,,,,,,,,,,,,,,,
597,分类,,,,,,,,,,,,,,,,,,,,,,,,,,,,历史事件类,,,,,,,,,,,,,,,,,,,,,,,,,,,,,,,,,,,,,,,,,,,,,,,,,,,,,,,,,,,,,,,,,,,,,,,,,,,,,,,,,,,,,,,,,,,,
598,分类,,,,,,,,,,,,,,,,,,,,,,,,,,,,红色展品类,,,,,,,,,,,,,,,,,,,,,,,,,,,,,,,,,,,,,,,,,,,,,,,,,,,,,,,,,,,,,,,,,,,,,,,,,,,,,,,,,,,,,,,,,,,,
599,分类,,,,,,,,,,,,,,,,,,,,,,,,,,,,旅游服务类,,,,,,,,,,,,,,,,,,,,,,,,,,,,,,,,,,,,,,,,,,,,,,,,,,,,,,,,,,,,,,,,,,,,,,,,,,,,,,,,,,,,,,,,,,,,
