id,start_id,start_name,end_id,end_name,type,分类,原关系,属性,来源
0,175,金伯阳,191,大连 “四二七” 大罢工,参与领导,,,,红色旅游数据
1,106,大连 “四二七” 大罢工,115,大连中华工学会,领导,,,,红色旅游数据
2,106,大连 “四二七” 大罢工,200,大连中华工学会,领导,,,,红色旅游数据
3,191,大连 “四二七” 大罢工,115,大连中华工学会,领导,,,,红色旅游数据
4,191,大连 “四二七” 大罢工,200,大连中华工学会,领导,,,,红色旅游数据
5,106,大连 “四二七” 大罢工,96,傅景阳,领导人,,,,红色旅游数据
6,106,大连 “四二七” 大罢工,181,傅景阳,领导人,,,,红色旅游数据
7,191,大连 “四二七” 大罢工,96,傅景阳,领导人,,,,红色旅游数据
8,191,大连 “四二七” 大罢工,181,傅景阳,领导人,,,,红色旅游数据
9,106,大连 “四二七” 大罢工,90,金伯阳,领导人,,,,红色旅游数据
10,106,大连 “四二七” 大罢工,175,金伯阳,领导人,,,,红色旅游数据
11,191,大连 “四二七” 大罢工,90,金伯阳,领导人,,,,红色旅游数据
12,191,大连 “四二七” 大罢工,175,金伯阳,领导人,,,,红色旅游数据
13,124,关向应的钢笔,66,关向应故居纪念馆,陈列于,,,,红色旅游数据
14,124,关向应的钢笔,151,关向应故居纪念馆,陈列于,,,,红色旅游数据
15,209,关向应的钢笔,66,关向应故居纪念馆,陈列于,,,,红色旅游数据
16,209,关向应的钢笔,151,关向应故居纪念馆,陈列于,,,,红色旅游数据
17,125,“四二七” 大罢工传单,67,大连中华工学会旧址纪念馆,展示于,,,,红色旅游数据
18,125,“四二七” 大罢工传单,152,大连中华工学会旧址纪念馆,展示于,,,,红色旅游数据
19,210,“四二七” 大罢工传单,67,大连中华工学会旧址纪念馆,展示于,,,,红色旅游数据
20,210,“四二七” 大罢工传单,152,大连中华工学会旧址纪念馆,展示于,,,,红色旅游数据
21,126,旅顺大屠杀日军军刀,68,旅顺万忠墓纪念馆,收藏于,,,,红色旅游数据
22,126,旅顺大屠杀日军军刀,153,旅顺万忠墓纪念馆,收藏于,,,,红色旅游数据
23,211,旅顺大屠杀日军军刀,68,旅顺万忠墓纪念馆,收藏于,,,,红色旅游数据
24,211,旅顺大屠杀日军军刀,153,旅顺万忠墓纪念馆,收藏于,,,,红色旅游数据
25,127,旅顺日俄监狱牢房铁门,73,旅顺日俄监狱旧址博物馆,陈列于,,,,红色旅游数据
26,127,旅顺日俄监狱牢房铁门,158,旅顺日俄监狱旧址博物馆,陈列于,,,,红色旅游数据
27,212,旅顺日俄监狱牢房铁门,73,旅顺日俄监狱旧址博物馆,陈列于,,,,红色旅游数据
28,212,旅顺日俄监狱牢房铁门,158,旅顺日俄监狱旧址博物馆,陈列于,,,,红色旅游数据
29,129,宋学范的日记本,71,金州烈士陵园纪念馆,收藏于,,,,红色旅游数据
30,129,宋学范的日记本,156,金州烈士陵园纪念馆,收藏于,,,,红色旅游数据
31,214,宋学范的日记本,71,金州烈士陵园纪念馆,收藏于,,,,红色旅游数据
32,214,宋学范的日记本,156,金州烈士陵园纪念馆,收藏于,,,,红色旅游数据
33,130,苏联红军望远镜,72,大连博物馆 “近代大连” 展厅,陈列于,,,,红色旅游数据
34,130,苏联红军望远镜,157,大连博物馆 “近代大连” 展厅,陈列于,,,,红色旅游数据
35,215,苏联红军望远镜,72,大连博物馆 “近代大连” 展厅,陈列于,,,,红色旅游数据
36,215,苏联红军望远镜,157,大连博物馆 “近代大连” 展厅,陈列于,,,,红色旅游数据
37,131,普兰店攻坚战手榴弹,74,普兰店区革命纪念馆,展示于,,,,红色旅游数据
38,131,普兰店攻坚战手榴弹,159,普兰店区革命纪念馆,展示于,,,,红色旅游数据
39,216,普兰店攻坚战手榴弹,74,普兰店区革命纪念馆,展示于,,,,红色旅游数据
40,216,普兰店攻坚战手榴弹,159,普兰店区革命纪念馆,展示于,,,,红色旅游数据
41,132,赵桂兰的工具,87,瓦房店革命纪念馆,收藏于,,,,红色旅游数据
42,132,赵桂兰的工具,172,瓦房店革命纪念馆,收藏于,,,,红色旅游数据
43,217,赵桂兰的工具,87,瓦房店革命纪念馆,收藏于,,,,红色旅游数据
44,217,赵桂兰的工具,172,瓦房店革命纪念馆,收藏于,,,,红色旅游数据
45,133,抗日旗帜,75,长海县革命烈士陵园纪念馆,陈列于,,,,红色旅游数据
46,133,抗日旗帜,160,长海县革命烈士陵园纪念馆,陈列于,,,,红色旅游数据
47,218,抗日旗帜,75,长海县革命烈士陵园纪念馆,陈列于,,,,红色旅游数据
48,218,抗日旗帜,160,长海县革命烈士陵园纪念馆,陈列于,,,,红色旅游数据
49,134,傅景阳的会员证,67,大连中华工学会旧址纪念馆,展示于,,,,红色旅游数据
50,134,傅景阳的会员证,152,大连中华工学会旧址纪念馆,展示于,,,,红色旅游数据
51,219,傅景阳的会员证,67,大连中华工学会旧址纪念馆,展示于,,,,红色旅游数据
52,219,傅景阳的会员证,152,大连中华工学会旧址纪念馆,展示于,,,,红色旅游数据
53,134,傅景阳的会员证,115,大连中华工学会,属于,,,,红色旅游数据
54,134,傅景阳的会员证,200,大连中华工学会,属于,,,,红色旅游数据
55,219,傅景阳的会员证,115,大连中华工学会,属于,,,,红色旅游数据
56,219,傅景阳的会员证,200,大连中华工学会,属于,,,,红色旅游数据
57,138,1949 年大连庆祝建国游行横幅,72,大连博物馆 “近代大连” 展厅,陈列于,,,,红色旅游数据
58,138,1949 年大连庆祝建国游行横幅,157,大连博物馆 “近代大连” 展厅,陈列于,,,,红色旅游数据
59,223,1949 年大连庆祝建国游行横幅,72,大连博物馆 “近代大连” 展厅,陈列于,,,,红色旅游数据
60,223,1949 年大连庆祝建国游行横幅,157,大连博物馆 “近代大连” 展厅,陈列于,,,,红色旅游数据
61,139,大连红色一日游路线,66,关向应故居纪念馆,包含,,,,红色旅游数据
62,139,大连红色一日游路线,151,关向应故居纪念馆,包含,,,,红色旅游数据
63,224,大连红色一日游路线,66,关向应故居纪念馆,包含,,,,红色旅游数据
64,224,大连红色一日游路线,151,关向应故居纪念馆,包含,,,,红色旅游数据
65,139,大连红色一日游路线,82,大连烈士陵园,包含,,,,红色旅游数据
66,139,大连红色一日游路线,167,大连烈士陵园,包含,,,,红色旅游数据
67,224,大连红色一日游路线,82,大连烈士陵园,包含,,,,红色旅游数据
68,224,大连红色一日游路线,167,大连烈士陵园,包含,,,,红色旅游数据
69,140,旅顺红色旅游路线,68,旅顺万忠墓纪念馆,包含,,,,红色旅游数据
70,140,旅顺红色旅游路线,153,旅顺万忠墓纪念馆,包含,,,,红色旅游数据
71,225,旅顺红色旅游路线,68,旅顺万忠墓纪念馆,包含,,,,红色旅游数据
72,225,旅顺红色旅游路线,153,旅顺万忠墓纪念馆,包含,,,,红色旅游数据
73,140,旅顺红色旅游路线,73,旅顺日俄监狱旧址博物馆,包含,,,,红色旅游数据
74,140,旅顺红色旅游路线,158,旅顺日俄监狱旧址博物馆,包含,,,,红色旅游数据
75,225,旅顺红色旅游路线,73,旅顺日俄监狱旧址博物馆,包含,,,,红色旅游数据
76,225,旅顺红色旅游路线,158,旅顺日俄监狱旧址博物馆,包含,,,,红色旅游数据
77,140,旅顺红色旅游路线,83,旅顺烈士陵园,包含,,,,红色旅游数据
78,140,旅顺红色旅游路线,168,旅顺烈士陵园,包含,,,,红色旅游数据
79,225,旅顺红色旅游路线,83,旅顺烈士陵园,包含,,,,红色旅游数据
80,225,旅顺红色旅游路线,168,旅顺烈士陵园,包含,,,,红色旅游数据
81,141,金州红色旅游路线,66,关向应故居纪念馆,包含,,,,红色旅游数据
82,141,金州红色旅游路线,151,关向应故居纪念馆,包含,,,,红色旅游数据
83,226,金州红色旅游路线,66,关向应故居纪念馆,包含,,,,红色旅游数据
84,226,金州红色旅游路线,151,关向应故居纪念馆,包含,,,,红色旅游数据
85,141,金州红色旅游路线,80,金州南山战役遗址,包含,,,,红色旅游数据
86,141,金州红色旅游路线,165,金州南山战役遗址,包含,,,,红色旅游数据
87,226,金州红色旅游路线,80,金州南山战役遗址,包含,,,,红色旅游数据
88,226,金州红色旅游路线,165,金州南山战役遗址,包含,,,,红色旅游数据
89,142,庄河红色二日游路线,79,庄河仙人洞抗日根据地遗址,包含,,,,红色旅游数据
90,142,庄河红色二日游路线,164,庄河仙人洞抗日根据地遗址,包含,,,,红色旅游数据
91,227,庄河红色二日游路线,79,庄河仙人洞抗日根据地遗址,包含,,,,红色旅游数据
92,227,庄河红色二日游路线,164,庄河仙人洞抗日根据地遗址,包含,,,,红色旅游数据
93,144,大连近代历史红色路线,72,大连博物馆 “近代大连” 展厅,包含,,,,红色旅游数据
94,144,大连近代历史红色路线,157,大连博物馆 “近代大连” 展厅,包含,,,,红色旅游数据
95,229,大连近代历史红色路线,72,大连博物馆 “近代大连” 展厅,包含,,,,红色旅游数据
96,229,大连近代历史红色路线,157,大连博物馆 “近代大连” 展厅,包含,,,,红色旅游数据
97,145,亲子红色旅游路线,82,大连烈士陵园,包含,,,,红色旅游数据
98,145,亲子红色旅游路线,167,大连烈士陵园,包含,,,,红色旅游数据
99,230,亲子红色旅游路线,82,大连烈士陵园,包含,,,,红色旅游数据
100,230,亲子红色旅游路线,167,大连烈士陵园,包含,,,,红色旅游数据
101,150,抗联主题红色路线,112,庄河仙人洞抗日根据地,包含,,,,红色旅游数据
102,150,抗联主题红色路线,197,庄河仙人洞抗日根据地,包含,,,,红色旅游数据
103,235,抗联主题红色路线,112,庄河仙人洞抗日根据地,包含,,,,红色旅游数据
104,235,抗联主题红色路线,197,庄河仙人洞抗日根据地,包含,,,,红色旅游数据
105,66,关向应故居纪念馆,236,大连市金州区向应街道关家村,位于,,位于,,
106,151,关向应故居纪念馆,236,大连市金州区向应街道关家村,位于,,位于,,
107,66,关向应故居纪念馆,237,金州站,距离,,距离,,
108,151,关向应故居纪念馆,237,金州站,距离,,距离,,
109,67,大连中华工学会旧址纪念馆,238,大连市沙河口区,位于,,位于,,
110,152,大连中华工学会旧址纪念馆,238,大连市沙河口区,位于,,位于,,
111,67,大连中华工学会旧址纪念馆,239,沙河口区黄河路,位于,,位于,,
112,152,大连中华工学会旧址纪念馆,239,沙河口区黄河路,位于,,位于,,
113,68,旅顺万忠墓纪念馆,240,旅顺口区九三路,位于,,位于,,
114,153,旅顺万忠墓纪念馆,240,旅顺口区九三路,位于,,位于,,
115,68,旅顺万忠墓纪念馆,241,旅顺火车站,距离,,距离,,
116,153,旅顺万忠墓纪念馆,241,旅顺火车站,距离,,距离,,
117,69,瓦房店市复州城革命烈士陵园纪念馆,242,解放战争时期烈士,安葬,,安葬,,
118,154,瓦房店市复州城革命烈士陵园纪念馆,242,解放战争时期烈士,安葬,,安葬,,
119,70,庄河市革命烈士陵园纪念馆,243,烈士纪念碑,设有,,设有,,
120,155,庄河市革命烈士陵园纪念馆,243,烈士纪念碑,设有,,设有,,
121,70,庄河市革命烈士陵园纪念馆,244,庄河公交 1 路烈士陵园站,临近,,临近,,
122,155,庄河市革命烈士陵园纪念馆,244,庄河公交 1 路烈士陵园站,临近,,临近,,
123,71,金州烈士陵园纪念馆,245,解放战争时期金州籍烈士,安葬,,安葬,,
124,156,金州烈士陵园纪念馆,245,解放战争时期金州籍烈士,安葬,,安葬,,
125,71,金州烈士陵园纪念馆,246,抗美援朝时期金州籍烈士,安葬,,安葬,,
126,156,金州烈士陵园纪念馆,246,抗美援朝时期金州籍烈士,安葬,,安葬,,
127,72,大连博物馆 “近代大连” 展厅,247,大连博物馆,隶属于,,隶属于,,
128,157,大连博物馆 “近代大连” 展厅,247,大连博物馆,隶属于,,隶属于,,
129,73,旅顺日俄监狱旧址博物馆,248,沙俄监狱（1902 年建成）,前身是,,前身是,,
130,90,金伯阳,106,大连 “四二七” 大罢工,参与领导,,,,红色旅游数据
131,106,大连 “四二七” 大罢工,115,大连中华工学会,领导,,,,红色旅游数据
132,106,大连 “四二七” 大罢工,96,傅景阳,领导人,,,,红色旅游数据
133,106,大连 “四二七” 大罢工,90,金伯阳,领导人,,,,红色旅游数据
134,124,关向应的钢笔,66,关向应故居纪念馆,陈列于,,,,红色旅游数据
135,125,“四二七” 大罢工传单,67,大连中华工学会旧址纪念馆,展示于,,,,红色旅游数据
136,126,旅顺大屠杀日军军刀,68,旅顺万忠墓纪念馆,收藏于,,,,红色旅游数据
137,127,旅顺日俄监狱牢房铁门,73,旅顺日俄监狱旧址博物馆,陈列于,,,,红色旅游数据
138,129,宋学范的日记本,71,金州烈士陵园纪念馆,收藏于,,,,红色旅游数据
139,130,苏联红军望远镜,72,大连博物馆 “近代大连” 展厅,陈列于,,,,红色旅游数据
140,131,普兰店攻坚战手榴弹,74,普兰店区革命纪念馆,展示于,,,,红色旅游数据
141,132,赵桂兰的工具,87,瓦房店革命纪念馆,收藏于,,,,红色旅游数据
142,133,抗日旗帜,75,长海县革命烈士陵园纪念馆,陈列于,,,,红色旅游数据
143,134,傅景阳的会员证,67,大连中华工学会旧址纪念馆,展示于,,,,红色旅游数据
144,134,傅景阳的会员证,115,大连中华工学会,属于,,,,红色旅游数据
145,138,1949 年大连庆祝建国游行横幅,72,大连博物馆 “近代大连” 展厅,陈列于,,,,红色旅游数据
146,139,大连红色一日游路线,66,关向应故居纪念馆,包含,,,,红色旅游数据
147,139,大连红色一日游路线,82,大连烈士陵园,包含,,,,红色旅游数据
148,140,旅顺红色旅游路线,68,旅顺万忠墓纪念馆,包含,,,,红色旅游数据
149,140,旅顺红色旅游路线,73,旅顺日俄监狱旧址博物馆,包含,,,,红色旅游数据
150,140,旅顺红色旅游路线,83,旅顺烈士陵园,包含,,,,红色旅游数据
151,141,金州红色旅游路线,66,关向应故居纪念馆,包含,,,,红色旅游数据
152,141,金州红色旅游路线,80,金州南山战役遗址,包含,,,,红色旅游数据
153,142,庄河红色二日游路线,79,庄河仙人洞抗日根据地遗址,包含,,,,红色旅游数据
154,144,大连近代历史红色路线,72,大连博物馆 “近代大连” 展厅,包含,,,,红色旅游数据
155,145,亲子红色旅游路线,82,大连烈士陵园,包含,,,,红色旅游数据
156,150,抗联主题红色路线,112,庄河仙人洞抗日根据地,包含,,,,红色旅游数据
157,90,金伯阳,106,大连 “四二七” 大罢工,参与领导,,,,红色旅游数据
158,90,金伯阳,191,大连 “四二七” 大罢工,参与领导,,,,红色旅游数据
159,175,金伯阳,106,大连 “四二七” 大罢工,参与领导,,,,红色旅游数据
160,158,旅顺日俄监狱旧址博物馆,248,沙俄监狱（1902 年建成）,前身是,,前身是,,
161,74,普兰店区革命纪念馆,249,普兰店市中心,位于,,位于,,
162,159,普兰店区革命纪念馆,249,普兰店市中心,位于,,位于,,
163,74,普兰店区革命纪念馆,250,停车场（3 个）,周边有,,周边有,,
164,159,普兰店区革命纪念馆,250,停车场（3 个）,周边有,,周边有,,
165,75,长海县革命烈士陵园纪念馆,251,大长山岛,位于,,位于,,
166,160,长海县革命烈士陵园纪念馆,251,大长山岛,位于,,位于,,
167,75,长海县革命烈士陵园纪念馆,252,海岛抗日烈士,安葬,,安葬,,
168,160,长海县革命烈士陵园纪念馆,252,海岛抗日烈士,安葬,,安葬,,
169,77,旅顺龙王塘水库战斗遗址,253,苏联红军解放旅顺战场,曾是,,曾是,,
170,162,旅顺龙王塘水库战斗遗址,253,苏联红军解放旅顺战场,曾是,,曾是,,
171,78,大连湾炮台遗址,254,甲午战争海防工事,属于,,属于,,
172,163,大连湾炮台遗址,254,甲午战争海防工事,属于,,属于,,
173,79,庄河仙人洞抗日根据地遗址,255,东北抗日联军活动地点,曾是,,曾是,,
174,164,庄河仙人洞抗日根据地遗址,255,东北抗日联军活动地点,曾是,,曾是,,
175,79,庄河仙人洞抗日根据地遗址,256,庄河市仙人洞镇,位于,,位于,,
176,164,庄河仙人洞抗日根据地遗址,256,庄河市仙人洞镇,位于,,位于,,
177,80,金州南山战役遗址,257,日俄战争战场,曾是,,曾是,,
178,165,金州南山战役遗址,257,日俄战争战场,曾是,,曾是,,
179,81,瓦房店永宁镇抗日遗址群,258,烽火台,包含,,包含,,
180,166,瓦房店永宁镇抗日遗址群,258,烽火台,包含,,包含,,
181,81,瓦房店永宁镇抗日遗址群,259,战斗工事,包含,,包含,,
182,166,瓦房店永宁镇抗日遗址群,259,战斗工事,包含,,包含,,
183,260,中共旅大地委旧址,261,中共旅大地委办公地点（1945 年后）,曾是,,曾是,,
184,260,中共旅大地委旧址,262,红色教育基地,现为,,现为,,
185,82,大连烈士陵园,263,甘井子区,位于,,位于,,
186,167,大连烈士陵园,263,甘井子区,位于,,位于,,
187,82,大连烈士陵园,264,烈士纪念塔,包含,,包含,,
188,167,大连烈士陵园,264,烈士纪念塔,包含,,包含,,
189,82,大连烈士陵园,265,纪念馆,包含,,包含,,
190,167,大连烈士陵园,265,纪念馆,包含,,包含,,
191,82,大连烈士陵园,266,骨灰堂,包含,,包含,,
192,167,大连烈士陵园,266,骨灰堂,包含,,包含,,
193,83,旅顺烈士陵园,267,苏联红军烈士墓,包含,,包含,,
194,168,旅顺烈士陵园,267,苏联红军烈士墓,包含,,包含,,
195,83,旅顺烈士陵园,268,纪念塔,设有,,设有,,
196,168,旅顺烈士陵园,268,纪念塔,设有,,设有,,
197,84,普兰店烈士陵园,243,烈士纪念碑,设有,,设有,,
198,169,普兰店烈士陵园,243,烈士纪念碑,设有,,设有,,
199,85,庄河烈士陵园,269,庄河公交 5 路终点站,临近,,临近,,
200,170,庄河烈士陵园,269,庄河公交 5 路终点站,临近,,临近,,
201,86,瓦房店烈士陵园,270,无名烈士墓,包含,,包含,,
202,171,瓦房店烈士陵园,270,无名烈士墓,包含,,包含,,
203,88,大连高新园区烈士陵园,271,开发区建设时期烈士,安葬,,安葬,,
204,173,大连高新园区烈士陵园,271,开发区建设时期烈士,安葬,,安葬,,
205,66,关向应故居纪念馆,272,,HAS_PROPERTY,,,开放时间,
206,151,关向应故居纪念馆,272,,HAS_PROPERTY,,,开放时间,
207,66,关向应故居纪念馆,273,,HAS_PROPERTY,,,门票政策,
208,151,关向应故居纪念馆,273,,HAS_PROPERTY,,,门票政策,
209,66,关向应故居纪念馆,274,,HAS_PROPERTY,,,联系电话,
210,151,关向应故居纪念馆,274,,HAS_PROPERTY,,,联系电话,
211,66,关向应故居纪念馆,275,,HAS_PROPERTY,,,交通方式,
212,151,关向应故居纪念馆,275,,HAS_PROPERTY,,,交通方式,
213,66,关向应故居纪念馆,276,,HAS_PROPERTY,,,地址,
214,151,关向应故居纪念馆,276,,HAS_PROPERTY,,,地址,
215,67,大连中华工学会旧址纪念馆,277,,HAS_PROPERTY,,,开放时间,
216,152,大连中华工学会旧址纪念馆,277,,HAS_PROPERTY,,,开放时间,
217,67,大连中华工学会旧址纪念馆,278,,HAS_PROPERTY,,,门票政策,
218,152,大连中华工学会旧址纪念馆,278,,HAS_PROPERTY,,,门票政策,
219,67,大连中华工学会旧址纪念馆,279,,HAS_PROPERTY,,,联系电话,
220,152,大连中华工学会旧址纪念馆,279,,HAS_PROPERTY,,,联系电话,
221,67,大连中华工学会旧址纪念馆,280,,HAS_PROPERTY,,,交通配套,
222,152,大连中华工学会旧址纪念馆,280,,HAS_PROPERTY,,,交通配套,
223,67,大连中华工学会旧址纪念馆,281,,HAS_PROPERTY,,,地址,
224,152,大连中华工学会旧址纪念馆,281,,HAS_PROPERTY,,,地址,
225,67,大连中华工学会旧址纪念馆,282,,HAS_PROPERTY,,,陈列内容,
226,152,大连中华工学会旧址纪念馆,282,,HAS_PROPERTY,,,陈列内容,
227,68,旅顺万忠墓纪念馆,283,,HAS_PROPERTY,,,开放时间,
228,153,旅顺万忠墓纪念馆,283,,HAS_PROPERTY,,,开放时间,
229,68,旅顺万忠墓纪念馆,284,,HAS_PROPERTY,,,联系电话,
230,153,旅顺万忠墓纪念馆,284,,HAS_PROPERTY,,,联系电话,
231,68,旅顺万忠墓纪念馆,285,,HAS_PROPERTY,,,交通方式,
232,153,旅顺万忠墓纪念馆,285,,HAS_PROPERTY,,,交通方式,
233,68,旅顺万忠墓纪念馆,286,,HAS_PROPERTY,,,地址,
234,153,旅顺万忠墓纪念馆,286,,HAS_PROPERTY,,,地址,
235,68,旅顺万忠墓纪念馆,287,,HAS_PROPERTY,,,历史记录,
236,153,旅顺万忠墓纪念馆,287,,HAS_PROPERTY,,,历史记录,
237,69,瓦房店市复州城革命烈士陵园纪念馆,288,,HAS_PROPERTY,,,占地面积,
238,154,瓦房店市复州城革命烈士陵园纪念馆,288,,HAS_PROPERTY,,,占地面积,
239,69,瓦房店市复州城革命烈士陵园纪念馆,289,,HAS_PROPERTY,,,服务,
240,154,瓦房店市复州城革命烈士陵园纪念馆,289,,HAS_PROPERTY,,,服务,
241,70,庄河市革命烈士陵园纪念馆,290,,HAS_PROPERTY,,,烈士纪念碑高度,
242,155,庄河市革命烈士陵园纪念馆,290,,HAS_PROPERTY,,,烈士纪念碑高度,
243,70,庄河市革命烈士陵园纪念馆,291,,HAS_PROPERTY,,,铭刻内容,
244,155,庄河市革命烈士陵园纪念馆,291,,HAS_PROPERTY,,,铭刻内容,
245,70,庄河市革命烈士陵园纪念馆,292,,HAS_PROPERTY,,,交通方式,
246,155,庄河市革命烈士陵园纪念馆,292,,HAS_PROPERTY,,,交通方式,
247,71,金州烈士陵园纪念馆,293,,HAS_PROPERTY,,,始建时间,
248,156,金州烈士陵园纪念馆,293,,HAS_PROPERTY,,,始建时间,
249,71,金州烈士陵园纪念馆,294,,HAS_PROPERTY,,,翻新时间,
250,156,金州烈士陵园纪念馆,294,,HAS_PROPERTY,,,翻新时间,
251,71,金州烈士陵园纪念馆,295,,HAS_PROPERTY,,,门票政策,
252,156,金州烈士陵园纪念馆,295,,HAS_PROPERTY,,,门票政策,
253,71,金州烈士陵园纪念馆,296,,HAS_PROPERTY,,,活动,
254,156,金州烈士陵园纪念馆,296,,HAS_PROPERTY,,,活动,
255,71,金州烈士陵园纪念馆,297,,HAS_PROPERTY,,,服务,
256,156,金州烈士陵园纪念馆,297,,HAS_PROPERTY,,,服务,
257,71,金州烈士陵园纪念馆,298,,HAS_PROPERTY,,,交通方式,
258,156,金州烈士陵园纪念馆,298,,HAS_PROPERTY,,,交通方式,
259,71,金州烈士陵园纪念馆,299,,HAS_PROPERTY,,,地址,
260,156,金州烈士陵园纪念馆,299,,HAS_PROPERTY,,,地址,
261,71,金州烈士陵园纪念馆,300,,HAS_PROPERTY,,,安葬人数,
262,156,金州烈士陵园纪念馆,300,,HAS_PROPERTY,,,安葬人数,
263,72,大连博物馆 “近代大连” 展厅,301,,HAS_PROPERTY,,,开放时间,
264,157,大连博物馆 “近代大连” 展厅,301,,HAS_PROPERTY,,,开放时间,
265,72,大连博物馆 “近代大连” 展厅,302,,HAS_PROPERTY,,,展示内容,
266,157,大连博物馆 “近代大连” 展厅,302,,HAS_PROPERTY,,,展示内容,
267,72,大连博物馆 “近代大连” 展厅,303,,HAS_PROPERTY,,,地址,
268,157,大连博物馆 “近代大连” 展厅,303,,HAS_PROPERTY,,,地址,
269,72,大连博物馆 “近代大连” 展厅,304,,HAS_PROPERTY,,,门票政策,
270,157,大连博物馆 “近代大连” 展厅,304,,HAS_PROPERTY,,,门票政策,
271,73,旅顺日俄监狱旧址博物馆,305,,HAS_PROPERTY,,,门票政策,
272,158,旅顺日俄监狱旧址博物馆,305,,HAS_PROPERTY,,,门票政策,
273,73,旅顺日俄监狱旧址博物馆,306,,HAS_PROPERTY,,,交通方式,
274,158,旅顺日俄监狱旧址博物馆,306,,HAS_PROPERTY,,,交通方式,
275,73,旅顺日俄监狱旧址博物馆,307,,HAS_PROPERTY,,,地址,
276,158,旅顺日俄监狱旧址博物馆,307,,HAS_PROPERTY,,,地址,
277,73,旅顺日俄监狱旧址博物馆,308,,HAS_PROPERTY,,,保护级别,
278,158,旅顺日俄监狱旧址博物馆,308,,HAS_PROPERTY,,,保护级别,
279,73,旅顺日俄监狱旧址博物馆,309,,HAS_PROPERTY,,,保留内容,
280,158,旅顺日俄监狱旧址博物馆,309,,HAS_PROPERTY,,,保留内容,
281,74,普兰店区革命纪念馆,310,,HAS_PROPERTY,,,联系电话,
282,159,普兰店区革命纪念馆,310,,HAS_PROPERTY,,,联系电话,
283,74,普兰店区革命纪念馆,311,,HAS_PROPERTY,,,开放时间,
284,159,普兰店区革命纪念馆,311,,HAS_PROPERTY,,,开放时间,
285,74,普兰店区革命纪念馆,312,,HAS_PROPERTY,,,交通方式,
286,159,普兰店区革命纪念馆,312,,HAS_PROPERTY,,,交通方式,
287,74,普兰店区革命纪念馆,313,,HAS_PROPERTY,,,地址,
288,159,普兰店区革命纪念馆,313,,HAS_PROPERTY,,,地址,
289,74,普兰店区革命纪念馆,314,,HAS_PROPERTY,,,距离,
290,159,普兰店区革命纪念馆,314,,HAS_PROPERTY,,,距离,
291,74,普兰店区革命纪念馆,315,,HAS_PROPERTY,,,展示内容,
292,159,普兰店区革命纪念馆,315,,HAS_PROPERTY,,,展示内容,
293,75,长海县革命烈士陵园纪念馆,316,,HAS_PROPERTY,,,活动,
294,160,长海县革命烈士陵园纪念馆,316,,HAS_PROPERTY,,,活动,
295,75,长海县革命烈士陵园纪念馆,317,,HAS_PROPERTY,,,交通方式,
296,160,长海县革命烈士陵园纪念馆,317,,HAS_PROPERTY,,,交通方式,
297,75,长海县革命烈士陵园纪念馆,318,,HAS_PROPERTY,,,地址,
298,160,长海县革命烈士陵园纪念馆,318,,HAS_PROPERTY,,,地址,
299,75,长海县革命烈士陵园纪念馆,319,,HAS_PROPERTY,,,性质,
300,160,长海县革命烈士陵园纪念馆,319,,HAS_PROPERTY,,,性质,
301,75,长海县革命烈士陵园纪念馆,320,,HAS_PROPERTY,,,安葬人数,
302,160,长海县革命烈士陵园纪念馆,320,,HAS_PROPERTY,,,安葬人数,
303,75,长海县革命烈士陵园纪念馆,321,,HAS_PROPERTY,,,陈列内容,
304,160,长海县革命烈士陵园纪念馆,321,,HAS_PROPERTY,,,陈列内容,
305,76,关向应故居遗址,322,,HAS_PROPERTY,,,建筑类型,
306,161,关向应故居遗址,322,,HAS_PROPERTY,,,建筑类型,
307,76,关向应故居遗址,323,,HAS_PROPERTY,,,保留内容,
308,161,关向应故居遗址,323,,HAS_PROPERTY,,,保留内容,
309,76,关向应故居遗址,324,,HAS_PROPERTY,,,展示内容,
310,161,关向应故居遗址,324,,HAS_PROPERTY,,,展示内容,
311,77,旅顺龙王塘水库战斗遗址,325,,HAS_PROPERTY,,,标志物,
312,162,旅顺龙王塘水库战斗遗址,325,,HAS_PROPERTY,,,标志物,
313,78,大连湾炮台遗址,326,,HAS_PROPERTY,,,开放时间,
314,163,大连湾炮台遗址,326,,HAS_PROPERTY,,,开放时间,
315,78,大连湾炮台遗址,327,,HAS_PROPERTY,,,门票政策,
316,163,大连湾炮台遗址,327,,HAS_PROPERTY,,,门票政策,
317,78,大连湾炮台遗址,328,,HAS_PROPERTY,,,残留内容,
318,163,大连湾炮台遗址,328,,HAS_PROPERTY,,,残留内容,
319,79,庄河仙人洞抗日根据地遗址,329,,HAS_PROPERTY,,,发现文物,
320,164,庄河仙人洞抗日根据地遗址,329,,HAS_PROPERTY,,,发现文物,
321,80,金州南山战役遗址,330,,HAS_PROPERTY,,,海拔,
322,165,金州南山战役遗址,330,,HAS_PROPERTY,,,海拔,
323,80,金州南山战役遗址,331,,HAS_PROPERTY,,,残留内容,
324,165,金州南山战役遗址,331,,HAS_PROPERTY,,,残留内容,
325,80,金州南山战役遗址,332,,HAS_PROPERTY,,,体验,
326,165,金州南山战役遗址,332,,HAS_PROPERTY,,,体验,
327,81,瓦房店永宁镇抗日遗址群,333,,HAS_PROPERTY,,,保护范围,
328,166,瓦房店永宁镇抗日遗址群,333,,HAS_PROPERTY,,,保护范围,
329,81,瓦房店永宁镇抗日遗址群,334,,HAS_PROPERTY,,,规定,
330,166,瓦房店永宁镇抗日遗址群,334,,HAS_PROPERTY,,,规定,
331,82,大连烈士陵园,335,,HAS_PROPERTY,,,开放时间,
332,167,大连烈士陵园,335,,HAS_PROPERTY,,,开放时间,
333,82,大连烈士陵园,336,,HAS_PROPERTY,,,门票政策,
334,167,大连烈士陵园,336,,HAS_PROPERTY,,,门票政策,
335,82,大连烈士陵园,337,,HAS_PROPERTY,,,闭馆情况,
336,167,大连烈士陵园,337,,HAS_PROPERTY,,,闭馆情况,
337,82,大连烈士陵园,338,,HAS_PROPERTY,,,占地面积,
338,167,大连烈士陵园,338,,HAS_PROPERTY,,,占地面积,
339,82,大连烈士陵园,339,,HAS_PROPERTY,,,交通方式,
340,167,大连烈士陵园,339,,HAS_PROPERTY,,,交通方式,
341,82,大连烈士陵园,340,,HAS_PROPERTY,,,地址,
342,167,大连烈士陵园,340,,HAS_PROPERTY,,,地址,
343,82,大连烈士陵园,341,,HAS_PROPERTY,,,安葬时期,
344,167,大连烈士陵园,341,,HAS_PROPERTY,,,安葬时期,
345,83,旅顺烈士陵园,342,,HAS_PROPERTY,,,纪念塔高度,
346,168,旅顺烈士陵园,342,,HAS_PROPERTY,,,纪念塔高度,
347,83,旅顺烈士陵园,343,,HAS_PROPERTY,,,纪念塔刻字,
348,168,旅顺烈士陵园,343,,HAS_PROPERTY,,,纪念塔刻字,
349,83,旅顺烈士陵园,344,,HAS_PROPERTY,,,安葬对象,
350,168,旅顺烈士陵园,344,,HAS_PROPERTY,,,安葬对象,
351,84,普兰店烈士陵园,345,,HAS_PROPERTY,,,烈士纪念碑建成时间,
352,169,普兰店烈士陵园,345,,HAS_PROPERTY,,,烈士纪念碑建成时间,
353,84,普兰店烈士陵园,346,,HAS_PROPERTY,,,烈士纪念碑内容,
354,169,普兰店烈士陵园,346,,HAS_PROPERTY,,,烈士纪念碑内容,
355,84,普兰店烈士陵园,347,,HAS_PROPERTY,,,开放时间,
356,169,普兰店烈士陵园,347,,HAS_PROPERTY,,,开放时间,
357,84,普兰店烈士陵园,348,,HAS_PROPERTY,,,门票政策,
358,169,普兰店烈士陵园,348,,HAS_PROPERTY,,,门票政策,
359,85,庄河烈士陵园,349,,HAS_PROPERTY,,,交通方式,
360,170,庄河烈士陵园,349,,HAS_PROPERTY,,,交通方式,
361,85,庄河烈士陵园,350,,HAS_PROPERTY,,,地址,
362,170,庄河烈士陵园,350,,HAS_PROPERTY,,,地址,
363,85,庄河烈士陵园,351,,HAS_PROPERTY,,,联系电话,
364,170,庄河烈士陵园,351,,HAS_PROPERTY,,,联系电话,
365,85,庄河烈士陵园,352,,HAS_PROPERTY,,,开放时间,
366,170,庄河烈士陵园,352,,HAS_PROPERTY,,,开放时间,
367,85,庄河烈士陵园,353,,HAS_PROPERTY,,,配套,
368,170,庄河烈士陵园,353,,HAS_PROPERTY,,,配套,
369,85,庄河烈士陵园,336,,HAS_PROPERTY,,,门票政策,
370,170,庄河烈士陵园,336,,HAS_PROPERTY,,,门票政策,
371,86,瓦房店烈士陵园,354,,HAS_PROPERTY,,,无名烈士墓安葬人数,
372,171,瓦房店烈士陵园,354,,HAS_PROPERTY,,,无名烈士墓安葬人数,
373,86,瓦房店烈士陵园,355,,HAS_PROPERTY,,,管理处电话,
374,171,瓦房店烈士陵园,355,,HAS_PROPERTY,,,管理处电话,
375,86,瓦房店烈士陵园,356,,HAS_PROPERTY,,,服务,
376,171,瓦房店烈士陵园,356,,HAS_PROPERTY,,,服务,
377,87,瓦房店革命纪念馆,357,,HAS_PROPERTY,,,地址,
378,172,瓦房店革命纪念馆,357,,HAS_PROPERTY,,,地址,
379,87,瓦房店革命纪念馆,358,,HAS_PROPERTY,,,门票政策,
380,172,瓦房店革命纪念馆,358,,HAS_PROPERTY,,,门票政策,
381,87,瓦房店革命纪念馆,359,,HAS_PROPERTY,,,开放时间,
382,172,瓦房店革命纪念馆,359,,HAS_PROPERTY,,,开放时间,
383,87,瓦房店革命纪念馆,360,,HAS_PROPERTY,,,联系电话,
384,172,瓦房店革命纪念馆,360,,HAS_PROPERTY,,,联系电话,
385,87,瓦房店革命纪念馆,361,,HAS_PROPERTY,,,服务,
386,172,瓦房店革命纪念馆,361,,HAS_PROPERTY,,,服务,
387,88,大连高新园区烈士陵园,362,,HAS_PROPERTY,,,建成时间,
388,173,大连高新园区烈士陵园,362,,HAS_PROPERTY,,,建成时间,
389,88,大连高新园区烈士陵园,363,,HAS_PROPERTY,,,安葬对象,
390,173,大连高新园区烈士陵园,363,,HAS_PROPERTY,,,安葬对象,
391,89,关向应,364,红二方面军总政治委员,曾任,,曾任,,
392,174,关向应,364,红二方面军总政治委员,曾任,,曾任,,
393,89,关向应,365,中国共产党早期军事领导人,曾任,,曾任,,
394,174,关向应,365,中国共产党早期军事领导人,曾任,,曾任,,
395,89,关向应,366,苏联莫斯科中山大学（1925 年）,就读,,就读,,
396,174,关向应,366,苏联莫斯科中山大学（1925 年）,就读,,就读,,
397,89,关向应,367,南昌起义,参与领导,,参与领导,,
398,174,关向应,367,南昌起义,参与领导,,参与领导,,
399,89,关向应,368,长征,参与领导,,参与领导,,
400,174,关向应,368,长征,参与领导,,参与领导,,
401,90,金伯阳,369,东北抗日联军创始人,曾任,,曾任,,
402,175,金伯阳,369,东北抗日联军创始人,曾任,,曾任,,
403,90,金伯阳,106,大连 “四二七” 大罢工,参与领导,,参与领导,,
404,90,金伯阳,191,大连 “四二七” 大罢工,参与领导,,参与领导,,
405,90,金伯阳,370,大连 “四二七” 大罢工,参与领导,,参与领导,,
406,175,金伯阳,106,大连 “四二七” 大罢工,参与领导,,参与领导,,
407,175,金伯阳,191,大连 “四二七” 大罢工,参与领导,,参与领导,,
408,175,金伯阳,370,大连 “四二七” 大罢工,参与领导,,参与领导,,
409,90,金伯阳,371,吉林磐石战斗（1933 年）,牺牲于,,牺牲于,,
410,175,金伯阳,371,吉林磐石战斗（1933 年）,牺牲于,,牺牲于,,
411,372,金伯阳故居,373,爱国主义教育基地,现为,,现为,,
412,372,金伯阳故居,374,旅顺口区铁山街道,位于,,位于,,
413,91,王永庆,375,东北抗日联军第 5 军第 3 师师长,曾任,,曾任,,
414,176,王永庆,375,东北抗日联军第 5 军第 3 师师长,曾任,,曾任,,
415,91,王永庆,376,抗日救国军（1932 年）,参加,,参加,,
416,176,王永庆,376,抗日救国军（1932 年）,参加,,参加,,
417,91,王永庆,377,日伪据点（抗联期间）,袭击,,袭击,,
418,176,王永庆,377,日伪据点（抗联期间）,袭击,,袭击,,
419,92,宋学范,378,辽南独立师某团团长,曾任,,曾任,,
420,177,宋学范,378,辽南独立师某团团长,曾任,,曾任,,
421,92,宋学范,379,八路军（1937 年）,参加,,参加,,
422,177,宋学范,379,八路军（1937 年）,参加,,参加,,
423,92,宋学范,380,四平战役（1947 年）,牺牲于,,牺牲于,,
424,177,宋学范,380,四平战役（1947 年）,牺牲于,,牺牲于,,
425,93,于庆阳,381,珍宝岛自卫反击战（1969 年）,参与,,参与,,
426,178,于庆阳,381,珍宝岛自卫反击战（1969 年）,参与,,参与,,
427,94,赵桂兰,382,工人破坏日军生产（1942 年）,参与组织,,参与组织,,
428,179,赵桂兰,382,工人破坏日军生产（1942 年）,参与组织,,参与组织,,
429,94,赵桂兰,383,大连市妇联主任（新中国成立后）,曾任,,曾任,,
430,179,赵桂兰,383,大连市妇联主任（新中国成立后）,曾任,,曾任,,
431,95,魏长魁,384,东北抗日联军第 9 军政治部主任,曾任,,曾任,,
432,180,魏长魁,384,东北抗日联军第 9 军政治部主任,曾任,,曾任,,
433,95,魏长魁,385,黑龙江五常县与日军作战（1938 年）,牺牲于,,牺牲于,,
434,180,魏长魁,385,黑龙江五常县与日军作战（1938 年）,牺牲于,,牺牲于,,
435,96,傅景阳,386,大连中华工学会第一任会长,曾任,,曾任,,
436,181,傅景阳,386,大连中华工学会第一任会长,曾任,,曾任,,
437,96,傅景阳,387,大连中华工学会（1923 年）,领导成立,,领导成立,,
438,181,傅景阳,387,大连中华工学会（1923 年）,领导成立,,领导成立,,
439,96,傅景阳,388,大连 “四二七” 大罢工（1926 年）,参与领导,,参与领导,,
440,181,傅景阳,388,大连 “四二七” 大罢工（1926 年）,参与领导,,参与领导,,
441,96,傅景阳,389,日军（1928 年）,被逮捕杀害,,被逮捕杀害,,
442,181,傅景阳,389,日军（1928 年）,被逮捕杀害,,被逮捕杀害,,
443,97,陈为人,390,大连地下党工作,从事,,从事,,
444,182,陈为人,390,大连地下党工作,从事,,从事,,
445,97,陈为人,391,中央文库重要文件,负责保管,,负责保管,,
446,182,陈为人,391,中央文库重要文件,负责保管,,负责保管,,
447,98,姜培禄,392,八路军山东纵队第 5 支队参谋长,曾任,,曾任,,
448,183,姜培禄,392,八路军山东纵队第 5 支队参谋长,曾任,,曾任,,
449,98,姜培禄,393,抗日武装（1937 年）,参加,,参加,,
450,183,姜培禄,393,抗日武装（1937 年）,参加,,参加,,
451,98,姜培禄,394,游击战指挥,擅长,,擅长,,
452,183,姜培禄,394,游击战指挥,擅长,,擅长,,
453,99,张振山,388,大连 “四二七” 大罢工（1926 年）,参与,,参与,,
454,184,张振山,388,大连 “四二七” 大罢工（1926 年）,参与,,参与,,
455,99,张振山,395,分发传单（1926 年大罢工期间）,负责,,负责,,
456,184,张振山,395,分发传单（1926 年大罢工期间）,负责,,负责,,
457,99,张振山,396,日军（1926 年大罢工后）,被逮捕,,被逮捕,,
458,184,张振山,396,日军（1926 年大罢工后）,被逮捕,,被逮捕,,
459,100,李淑珍,397,旅顺万忠墓事件（1894 年）,经历,,经历,,
460,185,李淑珍,397,旅顺万忠墓事件（1894 年）,经历,,经历,,
461,100,李淑珍,398,当年衣物和生活用品（晚年向纪念馆）,捐赠,,捐赠,,
462,185,李淑珍,398,当年衣物和生活用品（晚年向纪念馆）,捐赠,,捐赠,,
463,101,王福顺,399,1945 年旅大解放地方向导,担任,,担任,,
464,186,王福顺,399,1945 年旅大解放地方向导,担任,,担任,,
465,101,王福顺,400,苏联红军攻占日军据点（1945 年）,带领,,带领,,
466,186,王福顺,400,苏联红军攻占日军据点（1945 年）,带领,,带领,,
467,101,王福顺,401,大连市甘井子区区长（1946 年后）,曾任,,曾任,,
468,186,王福顺,401,大连市甘井子区区长（1946 年后）,曾任,,曾任,,
469,102,刘长胜,402,大连中华工学会会员,属于,,属于,,
470,187,刘长胜,402,大连中华工学会会员,属于,,属于,,
471,102,刘长胜,403,工人罢工（1925 年，反对日本资本家剥削）,参与组织,,参与组织,,
472,187,刘长胜,403,工人罢工（1925 年，反对日本资本家剥削）,参与组织,,参与组织,,
473,102,刘长胜,404,上海工人运动（罢工受伤后）,从事,,从事,,
474,187,刘长胜,404,上海工人运动（罢工受伤后）,从事,,从事,,
475,103,赵玉田,405,庄河仙人洞抗日根据地村民,属于,,属于,,
476,188,赵玉田,405,庄河仙人洞抗日根据地村民,属于,,属于,,
477,103,赵玉田,406,粮食和住处（给抗联部队）,提供,,提供,,
478,188,赵玉田,406,粮食和住处（给抗联部队）,提供,,提供,,
479,103,赵玉田,407,日军（1938 年）,被逮捕,,被逮捕,,
480,188,赵玉田,407,日军（1938 年）,被逮捕,,被逮捕,,
481,104,孙桂兰,408,金州南山战役支前模范,属于,,属于,,
482,189,孙桂兰,408,金州南山战役支前模范,属于,,属于,,
483,104,孙桂兰,409,妇女缝制棉衣（为军队）,组织,,组织,,
484,189,孙桂兰,409,妇女缝制棉衣（为军队）,组织,,组织,,
485,105,周明远,410,监狱内酷刑和反抗故事（向纪念馆）,讲述,,讲述,,
486,190,周明远,410,监狱内酷刑和反抗故事（向纪念馆）,讲述,,讲述,,
487,411,郑义,412,1949 年大连庆祝解放游行,组织,,组织,,
488,411,郑义,413,大连工学院学生（1949 年）,属于,,属于,,
489,89,关向应,414,,HAS_PROPERTY,,,出生时间,
490,174,关向应,414,,HAS_PROPERTY,,,出生时间,
491,89,关向应,415,,HAS_PROPERTY,,,逝世时间,
492,174,关向应,415,,HAS_PROPERTY,,,逝世时间,
493,89,关向应,416,,HAS_PROPERTY,,,籍贯,
494,174,关向应,416,,HAS_PROPERTY,,,籍贯,
495,89,关向应,417,,HAS_PROPERTY,,,入党时间,
496,174,关向应,417,,HAS_PROPERTY,,,入党时间,
497,89,关向应,418,,HAS_PROPERTY,,,逝世地点,
498,174,关向应,418,,HAS_PROPERTY,,,逝世地点,
499,90,金伯阳,419,,HAS_PROPERTY,,,原名,
500,175,金伯阳,419,,HAS_PROPERTY,,,原名,
501,90,金伯阳,420,,HAS_PROPERTY,,,出生时间,
502,175,金伯阳,420,,HAS_PROPERTY,,,出生时间,
503,90,金伯阳,421,,HAS_PROPERTY,,,逝世时间,
504,175,金伯阳,421,,HAS_PROPERTY,,,逝世时间,
505,90,金伯阳,422,,HAS_PROPERTY,,,籍贯,
506,175,金伯阳,422,,HAS_PROPERTY,,,籍贯,
507,90,金伯阳,423,,HAS_PROPERTY,,,入党时间,
508,175,金伯阳,423,,HAS_PROPERTY,,,入党时间,
509,90,金伯阳,424,,HAS_PROPERTY,,,牺牲年龄,
510,175,金伯阳,424,,HAS_PROPERTY,,,牺牲年龄,
511,90,金伯阳,425,,HAS_PROPERTY,,,荣誉,
512,175,金伯阳,425,,HAS_PROPERTY,,,荣誉,
513,91,王永庆,426,,HAS_PROPERTY,,,出生时间,
514,176,王永庆,426,,HAS_PROPERTY,,,出生时间,
515,91,王永庆,427,,HAS_PROPERTY,,,逝世时间,
516,176,王永庆,427,,HAS_PROPERTY,,,逝世时间,
517,91,王永庆,428,,HAS_PROPERTY,,,籍贯,
518,176,王永庆,428,,HAS_PROPERTY,,,籍贯,
519,91,王永庆,429,,HAS_PROPERTY,,,入党时间,
520,176,王永庆,429,,HAS_PROPERTY,,,入党时间,
521,92,宋学范,430,,HAS_PROPERTY,,,出生时间,
522,177,宋学范,430,,HAS_PROPERTY,,,出生时间,
523,92,宋学范,431,,HAS_PROPERTY,,,逝世时间,
524,177,宋学范,431,,HAS_PROPERTY,,,逝世时间,
525,92,宋学范,432,,HAS_PROPERTY,,,籍贯,
526,177,宋学范,432,,HAS_PROPERTY,,,籍贯,
527,92,宋学范,433,,HAS_PROPERTY,,,入党时间,
528,177,宋学范,433,,HAS_PROPERTY,,,入党时间,
529,93,于庆阳,434,,HAS_PROPERTY,,,出生时间,
530,178,于庆阳,434,,HAS_PROPERTY,,,出生时间,
531,93,于庆阳,435,,HAS_PROPERTY,,,逝世时间,
532,178,于庆阳,435,,HAS_PROPERTY,,,逝世时间,
533,93,于庆阳,436,,HAS_PROPERTY,,,籍贯,
534,178,于庆阳,436,,HAS_PROPERTY,,,籍贯,
535,93,于庆阳,437,,HAS_PROPERTY,,,战斗状态,
536,178,于庆阳,437,,HAS_PROPERTY,,,战斗状态,
537,94,赵桂兰,438,,HAS_PROPERTY,,,出生时间,
538,179,赵桂兰,438,,HAS_PROPERTY,,,出生时间,
539,94,赵桂兰,439,,HAS_PROPERTY,,,逝世时间,
540,179,赵桂兰,439,,HAS_PROPERTY,,,逝世时间,
541,94,赵桂兰,440,,HAS_PROPERTY,,,籍贯,
542,179,赵桂兰,440,,HAS_PROPERTY,,,籍贯,
543,94,赵桂兰,441,,HAS_PROPERTY,,,入党时间,
544,179,赵桂兰,441,,HAS_PROPERTY,,,入党时间,
545,95,魏长魁,442,,HAS_PROPERTY,,,出生时间,
546,180,魏长魁,442,,HAS_PROPERTY,,,出生时间,
547,95,魏长魁,427,,HAS_PROPERTY,,,逝世时间,
548,180,魏长魁,427,,HAS_PROPERTY,,,逝世时间,
549,95,魏长魁,416,,HAS_PROPERTY,,,籍贯,
550,180,魏长魁,416,,HAS_PROPERTY,,,籍贯,
551,95,魏长魁,423,,HAS_PROPERTY,,,入党时间,
552,180,魏长魁,423,,HAS_PROPERTY,,,入党时间,
553,96,傅景阳,443,,HAS_PROPERTY,,,出生时间,
554,181,傅景阳,443,,HAS_PROPERTY,,,出生时间,
555,96,傅景阳,444,,HAS_PROPERTY,,,逝世时间,
556,181,傅景阳,444,,HAS_PROPERTY,,,逝世时间,
557,97,陈为人,445,,HAS_PROPERTY,,,出生时间,
558,182,陈为人,445,,HAS_PROPERTY,,,出生时间,
559,97,陈为人,446,,HAS_PROPERTY,,,逝世时间,
560,182,陈为人,446,,HAS_PROPERTY,,,逝世时间,
561,97,陈为人,447,,HAS_PROPERTY,,,入党时间,
562,182,陈为人,447,,HAS_PROPERTY,,,入党时间,
563,97,陈为人,448,,HAS_PROPERTY,,,逝世原因,
564,182,陈为人,448,,HAS_PROPERTY,,,逝世原因,
565,97,陈为人,449,,HAS_PROPERTY,,,逝世地点,
566,182,陈为人,449,,HAS_PROPERTY,,,逝世地点,
567,98,姜培禄,450,,HAS_PROPERTY,,,出生时间,
568,183,姜培禄,450,,HAS_PROPERTY,,,出生时间,
569,98,姜培禄,451,,HAS_PROPERTY,,,逝世时间,
570,183,姜培禄,451,,HAS_PROPERTY,,,逝世时间,
571,98,姜培禄,422,,HAS_PROPERTY,,,籍贯,
572,183,姜培禄,422,,HAS_PROPERTY,,,籍贯,
573,98,姜培禄,452,,HAS_PROPERTY,,,入党时间,
574,183,姜培禄,452,,HAS_PROPERTY,,,入党时间,
575,99,张振山,453,,HAS_PROPERTY,,,工作单位,
576,184,张振山,453,,HAS_PROPERTY,,,工作单位,
577,100,李淑珍,454,,HAS_PROPERTY,,,经历事件年龄,
578,185,李淑珍,454,,HAS_PROPERTY,,,经历事件年龄,
579,101,王福顺,455,,HAS_PROPERTY,,,入党时间,
580,186,王福顺,455,,HAS_PROPERTY,,,入党时间,
581,102,刘长胜,456,,HAS_PROPERTY,,,罢工经历,
582,187,刘长胜,456,,HAS_PROPERTY,,,罢工经历,
583,103,赵玉田,457,,HAS_PROPERTY,,,被捕表现,
584,188,赵玉田,457,,HAS_PROPERTY,,,被捕表现,
585,104,孙桂兰,458,,HAS_PROPERTY,,,荣誉,
586,189,孙桂兰,458,,HAS_PROPERTY,,,荣誉,
587,104,孙桂兰,459,,HAS_PROPERTY,,,表彰单位,
588,189,孙桂兰,459,,HAS_PROPERTY,,,表彰单位,
589,105,周明远,460,,HAS_PROPERTY,,,入狱原因,
590,190,周明远,460,,HAS_PROPERTY,,,入狱原因,
591,105,周明远,461,,HAS_PROPERTY,,,获释时间,
592,190,周明远,461,,HAS_PROPERTY,,,获释时间,
593,105,周明远,462,,HAS_PROPERTY,,,贡献,
594,190,周明远,462,,HAS_PROPERTY,,,贡献,
595,106,大连 “四二七” 大罢工,115,大连中华工学会,领导,,领导,,
596,106,大连 “四二七” 大罢工,200,大连中华工学会,领导,,领导,,
597,191,大连 “四二七” 大罢工,115,大连中华工学会,领导,,领导,,
598,191,大连 “四二七” 大罢工,200,大连中华工学会,领导,,领导,,
599,370,大连 “四二七” 大罢工,115,大连中华工学会,领导,,领导,,
600,370,大连 “四二七” 大罢工,200,大连中华工学会,领导,,领导,,
601,106,大连 “四二七” 大罢工,463,日本资本家（克扣工资、打骂工人）,反抗,,反抗,,
602,191,大连 “四二七” 大罢工,463,日本资本家（克扣工资、打骂工人）,反抗,,反抗,,
603,370,大连 “四二七” 大罢工,463,日本资本家（克扣工资、打骂工人）,反抗,,反抗,,
604,106,大连 “四二七” 大罢工,464,全国工人支持,得到,,得到,,
605,191,大连 “四二七” 大罢工,464,全国工人支持,得到,,得到,,
606,370,大连 “四二七” 大罢工,464,全国工人支持,得到,,得到,,
607,106,大连 “四二七” 大罢工,96,傅景阳,领导人,,领导人,,
608,106,大连 “四二七” 大罢工,181,傅景阳,领导人,,领导人,,
609,106,大连 “四二七” 大罢工,465,傅景阳,领导人,,领导人,,
610,191,大连 “四二七” 大罢工,96,傅景阳,领导人,,领导人,,
611,191,大连 “四二七” 大罢工,181,傅景阳,领导人,,领导人,,
612,191,大连 “四二七” 大罢工,465,傅景阳,领导人,,领导人,,
613,370,大连 “四二七” 大罢工,96,傅景阳,领导人,,领导人,,
614,370,大连 “四二七” 大罢工,181,傅景阳,领导人,,领导人,,
615,370,大连 “四二七” 大罢工,465,傅景阳,领导人,,领导人,,
616,106,大连 “四二七” 大罢工,90,金伯阳,领导人,,领导人,,
617,106,大连 “四二七” 大罢工,175,金伯阳,领导人,,领导人,,
618,106,大连 “四二七” 大罢工,466,金伯阳,领导人,,领导人,,
619,191,大连 “四二七” 大罢工,90,金伯阳,领导人,,领导人,,
620,191,大连 “四二七” 大罢工,175,金伯阳,领导人,,领导人,,
621,191,大连 “四二七” 大罢工,466,金伯阳,领导人,,领导人,,
622,370,大连 “四二七” 大罢工,90,金伯阳,领导人,,领导人,,
623,370,大连 “四二七” 大罢工,175,金伯阳,领导人,,领导人,,
624,370,大连 “四二七” 大罢工,466,金伯阳,领导人,,领导人,,
625,107,旅顺大屠杀,491,日军（1894 年 11 月 21 日）,实施,,实施,,
626,192,旅顺大屠杀,491,日军（1894 年 11 月 21 日）,实施,,实施,,
627,107,旅顺大屠杀,492,甲午战争惨案,属于,,属于,,
628,192,旅顺大屠杀,492,甲午战争惨案,属于,,属于,,
629,108,日俄战争金州南山战役,493,日军与俄军,交战双方,,交战双方,,
630,193,日俄战争金州南山战役,493,日军与俄军,交战双方,,交战双方,,
631,108,日俄战争金州南山战役,494,金州南山,发生地点,,发生地点,,
632,193,日俄战争金州南山战役,494,金州南山,发生地点,,发生地点,,
633,108,日俄战争金州南山战役,495,日军占领南山,结果,,结果,,
634,193,日俄战争金州南山战役,495,日军占领南山,结果,,结果,,
635,108,日俄战争金州南山战役,496,现为爱国主义教育基地,战场遗迹,,战场遗迹,,
636,193,日俄战争金州南山战役,496,现为爱国主义教育基地,战场遗迹,,战场遗迹,,
637,109,苏联红军进驻旅顺,497,日本对旅大地区殖民统治（40 年）,结束,,结束,,
638,194,苏联红军进驻旅顺,497,日本对旅大地区殖民统治（40 年）,结束,,结束,,
639,110,中共旅大地委成立,498,旅大地区政权建设,领导,,领导,,
640,195,中共旅大地委成立,498,旅大地区政权建设,领导,,领导,,
641,110,中共旅大地委成立,499,旅大地区恢复生产（1945 年旅大解放后）,领导,,领导,,
642,195,中共旅大地委成立,499,旅大地区恢复生产（1945 年旅大解放后）,领导,,领导,,
643,500,大连地区抗日救国会,501,抗日宣传活动,开展,,开展,,
644,500,大连地区抗日救国会,502,日军（1932 年）,被镇压,,被镇压,,
645,112,庄河仙人洞抗日根据地,503,东北抗日联军辽南重要据点,属于,,属于,,
646,197,庄河仙人洞抗日根据地,503,东北抗日联军辽南重要据点,属于,,属于,,
647,112,庄河仙人洞抗日根据地,504,日军 “扫荡”（多次）,击退,,击退,,
648,197,庄河仙人洞抗日根据地,504,日军 “扫荡”（多次）,击退,,击退,,
649,113,普兰店攻坚战,505,辽沈战役前奏,属于,,属于,,
650,198,普兰店攻坚战,505,辽沈战役前奏,属于,,属于,,
651,113,普兰店攻坚战,506,解放军与国民党守军,作战方,,作战方,,
652,198,普兰店攻坚战,506,解放军与国民党守军,作战方,,作战方,,
653,113,普兰店攻坚战,507,解放军歼灭国民党守军 2000 余人,结果,,结果,,
654,198,普兰店攻坚战,507,解放军歼灭国民党守军 2000 余人,结果,,结果,,
655,113,普兰店攻坚战,508,为解放大连地区扫清障碍,作用,,作用,,
656,198,普兰店攻坚战,508,为解放大连地区扫清障碍,作用,,作用,,
657,115,大连中华工学会,509,1923 年 12 月 2 日（沙河口）,成立,,成立,,
658,200,大连中华工学会,509,1923 年 12 月 2 日（沙河口）,成立,,成立,,
659,115,大连中华工学会,510,东北地区最早工人组织之一,属于,,属于,,
660,200,大连中华工学会,510,东北地区最早工人组织之一,属于,,属于,,
661,116,大连湾抗日武装袭击,511,日军码头（1938 年）,目标,,目标,,
662,201,大连湾抗日武装袭击,511,日军码头（1938 年）,目标,,目标,,
663,116,大连湾抗日武装袭击,512,日军运输船 3 艘,烧毁,,烧毁,,
664,201,大连湾抗日武装袭击,512,日军运输船 3 艘,烧毁,,烧毁,,
665,116,大连湾抗日武装袭击,513,步枪 50 余支,缴获,,缴获,,
666,201,大连湾抗日武装袭击,513,步枪 50 余支,缴获,,缴获,,
667,116,大连湾抗日武装袭击,514,日军加强大连湾戒备、抗日武装转移至山区,结果,,结果,,
668,201,大连湾抗日武装袭击,514,日军加强大连湾戒备、抗日武装转移至山区,结果,,结果,,
669,117,大连首届工人代表大会,515,大连总工会（1946 年）,选举产生,,选举产生,,
670,202,大连首届工人代表大会,515,大连总工会（1946 年）,选举产生,,选举产生,,
671,119,大连反俄运动,516,全国反俄运动（1905 年）,响应,,响应,,
672,204,大连反俄运动,516,全国反俄运动（1905 年）,响应,,响应,,
673,119,大连反俄运动,517,沙俄在大连殖民统治,反对,,反对,,
674,204,大连反俄运动,517,沙俄在大连殖民统治,反对,,反对,,
675,119,大连反俄运动,518,沙俄军队（1905 年）,被镇压,,被镇压,,
676,204,大连反俄运动,518,沙俄军队（1905 年）,被镇压,,被镇压,,
677,121,旅顺监狱越狱事件,519,12 名抗日志士（1936 年）,参与者,,参与者,,
678,206,旅顺监狱越狱事件,519,12 名抗日志士（1936 年）,参与者,,参与者,,
679,121,旅顺监狱越狱事件,520,8 人成功逃脱、4 人牺牲,结果,,结果,,
680,206,旅顺监狱越狱事件,520,8 人成功逃脱、4 人牺牲,结果,,结果,,
681,121,旅顺监狱越狱事件,521,鼓舞大连地区抗日斗志、日军加强监狱看守,影响,,影响,,
682,206,旅顺监狱越狱事件,521,鼓舞大连地区抗日斗志、日军加强监狱看守,影响,,影响,,
683,122,大连庆祝建国游行,522,中共旅大市委（1949 年 10 月 1 日）,组织,,组织,,
684,207,大连庆祝建国游行,522,中共旅大市委（1949 年 10 月 1 日）,组织,,组织,,
685,122,大连庆祝建国游行,523,中山广场,起点,,起点,,
686,207,大连庆祝建国游行,523,中山广场,起点,,起点,,
687,122,大连庆祝建国游行,524,大连主要街道,途经,,途经,,
688,207,大连庆祝建国游行,524,大连主要街道,途经,,途经,,
689,123,金伯阳追悼会,525,大连人民（1928 年，金伯阳牺牲后）,举办,,举办,,
690,208,金伯阳追悼会,525,大连人民（1928 年，金伯阳牺牲后）,举办,,举办,,
691,123,金伯阳追悼会,526,金伯阳革命事迹,缅怀,,缅怀,,
692,208,金伯阳追悼会,526,金伯阳革命事迹,缅怀,,缅怀,,
693,106,大连 “四二七” 大罢工,527,,HAS_PROPERTY,,,发生时间,
694,191,大连 “四二七” 大罢工,527,,HAS_PROPERTY,,,发生时间,
695,370,大连 “四二七” 大罢工,527,,HAS_PROPERTY,,,发生时间,
696,106,大连 “四二七” 大罢工,528,,HAS_PROPERTY,,,规模,
697,191,大连 “四二七” 大罢工,528,,HAS_PROPERTY,,,规模,
698,370,大连 “四二七” 大罢工,528,,HAS_PROPERTY,,,规模,
699,106,大连 “四二七” 大罢工,529,,HAS_PROPERTY,,,参与人数,
700,191,大连 “四二七” 大罢工,529,,HAS_PROPERTY,,,参与人数,
701,370,大连 “四二七” 大罢工,529,,HAS_PROPERTY,,,参与人数,
702,106,大连 “四二七” 大罢工,530,,HAS_PROPERTY,,,持续时间,
703,191,大连 “四二七” 大罢工,530,,HAS_PROPERTY,,,持续时间,
704,370,大连 “四二七” 大罢工,530,,HAS_PROPERTY,,,持续时间,
705,106,大连 “四二七” 大罢工,531,,HAS_PROPERTY,,,结果,
706,191,大连 “四二七” 大罢工,531,,HAS_PROPERTY,,,结果,
707,370,大连 “四二七” 大罢工,531,,HAS_PROPERTY,,,结果,
708,107,旅顺大屠杀,532,,HAS_PROPERTY,,,发生时间,
709,192,旅顺大屠杀,532,,HAS_PROPERTY,,,发生时间,
710,107,旅顺大屠杀,533,,HAS_PROPERTY,,,持续时间,
711,192,旅顺大屠杀,533,,HAS_PROPERTY,,,持续时间,
712,107,旅顺大屠杀,534,,HAS_PROPERTY,,,伤亡人数,
713,192,旅顺大屠杀,534,,HAS_PROPERTY,,,伤亡人数,
714,108,日俄战争金州南山战役,535,,HAS_PROPERTY,,,发生时间,
715,193,日俄战争金州南山战役,535,,HAS_PROPERTY,,,发生时间,
716,108,日俄战争金州南山战役,536,,HAS_PROPERTY,,,伤亡人数,
717,193,日俄战争金州南山战役,536,,HAS_PROPERTY,,,伤亡人数,
718,109,苏联红军进驻旅顺,537,,HAS_PROPERTY,,,发生时间,
719,194,苏联红军进驻旅顺,537,,HAS_PROPERTY,,,发生时间,
720,110,中共旅大地委成立,538,,HAS_PROPERTY,,,发生时间,
721,195,中共旅大地委成立,538,,HAS_PROPERTY,,,发生时间,
722,111,大连地区抗日救国会被镇压,539,,HAS_PROPERTY,,,发生时间,
723,196,大连地区抗日救国会被镇压,539,,HAS_PROPERTY,,,发生时间,
724,111,大连地区抗日救国会被镇压,540,,HAS_PROPERTY,,,结果,
725,196,大连地区抗日救国会被镇压,540,,HAS_PROPERTY,,,结果,
726,112,庄河仙人洞抗日根据地,541,,HAS_PROPERTY,,,建立时间,
727,197,庄河仙人洞抗日根据地,541,,HAS_PROPERTY,,,建立时间,
728,112,庄河仙人洞抗日根据地,542,,HAS_PROPERTY,,,坚持时间,
729,197,庄河仙人洞抗日根据地,542,,HAS_PROPERTY,,,坚持时间,
730,113,普兰店攻坚战,543,,HAS_PROPERTY,,,发生时间,
731,198,普兰店攻坚战,543,,HAS_PROPERTY,,,发生时间,
732,114,普兰店解放,544,,HAS_PROPERTY,,,时间,
733,199,普兰店解放,544,,HAS_PROPERTY,,,时间,
734,115,大连中华工学会,545,,HAS_PROPERTY,,,成立时间,
735,200,大连中华工学会,545,,HAS_PROPERTY,,,成立时间,
736,115,大连中华工学会,546,,HAS_PROPERTY,,,成立地点,
737,200,大连中华工学会,546,,HAS_PROPERTY,,,成立地点,
738,115,大连中华工学会,547,,HAS_PROPERTY,,,成立时会员数,
739,200,大连中华工学会,547,,HAS_PROPERTY,,,成立时会员数,
740,116,大连湾抗日武装袭击,548,,HAS_PROPERTY,,,发生时间,
741,201,大连湾抗日武装袭击,548,,HAS_PROPERTY,,,发生时间,
742,117,大连首届工人代表大会,549,,HAS_PROPERTY,,,召开时间,
743,202,大连首届工人代表大会,549,,HAS_PROPERTY,,,召开时间,
744,117,大连首届工人代表大会,550,,HAS_PROPERTY,,,影响,
745,202,大连首届工人代表大会,550,,HAS_PROPERTY,,,影响,
746,118,大连工人代表大会决议,551,,HAS_PROPERTY,,,反响,
747,203,大连工人代表大会决议,551,,HAS_PROPERTY,,,反响,
748,119,大连反俄运动,552,,HAS_PROPERTY,,,发生时间,
749,204,大连反俄运动,552,,HAS_PROPERTY,,,发生时间,
750,119,大连反俄运动,553,,HAS_PROPERTY,,,形式,
751,204,大连反俄运动,553,,HAS_PROPERTY,,,形式,
752,120,大连反俄运动被镇压,554,,HAS_PROPERTY,,,结果,
753,205,大连反俄运动被镇压,554,,HAS_PROPERTY,,,结果,
754,121,旅顺监狱越狱事件,555,,HAS_PROPERTY,,,发生时间,
755,206,旅顺监狱越狱事件,555,,HAS_PROPERTY,,,发生时间,
756,122,大连庆祝建国游行,556,,HAS_PROPERTY,,,发生时间,
757,207,大连庆祝建国游行,556,,HAS_PROPERTY,,,发生时间,
758,122,大连庆祝建国游行,557,,HAS_PROPERTY,,,规模,
759,207,大连庆祝建国游行,557,,HAS_PROPERTY,,,规模,
760,123,金伯阳追悼会,558,,HAS_PROPERTY,,,召开时间,
761,208,金伯阳追悼会,558,,HAS_PROPERTY,,,召开时间,
762,123,金伯阳追悼会,559,,HAS_PROPERTY,,,参与人数,
763,208,金伯阳追悼会,559,,HAS_PROPERTY,,,参与人数,
764,124,关向应的钢笔,66,关向应故居纪念馆,陈列于,,陈列于,,
765,124,关向应的钢笔,151,关向应故居纪念馆,陈列于,,陈列于,,
766,124,关向应的钢笔,560,关向应故居纪念馆,陈列于,,陈列于,,
767,209,关向应的钢笔,66,关向应故居纪念馆,陈列于,,陈列于,,
768,209,关向应的钢笔,151,关向应故居纪念馆,陈列于,,陈列于,,
769,209,关向应的钢笔,560,关向应故居纪念馆,陈列于,,陈列于,,
770,124,关向应的钢笔,561,苏联（关向应学习期间）,购买于,,购买于,,
771,209,关向应的钢笔,561,苏联（关向应学习期间）,购买于,,购买于,,
772,125,“四二七” 大罢工传单,67,大连中华工学会旧址纪念馆,展示于,,展示于,,
773,125,“四二七” 大罢工传单,152,大连中华工学会旧址纪念馆,展示于,,展示于,,
774,125,“四二七” 大罢工传单,562,大连中华工学会旧址纪念馆,展示于,,展示于,,
775,210,“四二七” 大罢工传单,67,大连中华工学会旧址纪念馆,展示于,,展示于,,
776,210,“四二七” 大罢工传单,152,大连中华工学会旧址纪念馆,展示于,,展示于,,
777,210,“四二七” 大罢工传单,562,大连中华工学会旧址纪念馆,展示于,,展示于,,
778,125,“四二七” 大罢工传单,0,1926 年,制作于,,制作于,,
779,210,“四二七” 大罢工传单,0,1926 年,制作于,,制作于,,
780,126,旅顺大屠杀日军军刀,1,旅顺万忠墓纪念馆,收藏于,,收藏于,,
781,126,旅顺大屠杀日军军刀,68,旅顺万忠墓纪念馆,收藏于,,收藏于,,
782,126,旅顺大屠杀日军军刀,153,旅顺万忠墓纪念馆,收藏于,,收藏于,,
783,211,旅顺大屠杀日军军刀,1,旅顺万忠墓纪念馆,收藏于,,收藏于,,
784,211,旅顺大屠杀日军军刀,68,旅顺万忠墓纪念馆,收藏于,,收藏于,,
785,211,旅顺大屠杀日军军刀,153,旅顺万忠墓纪念馆,收藏于,,收藏于,,
786,126,旅顺大屠杀日军军刀,2,1894 年旅顺大屠杀时期日军,属于,,属于,,
787,211,旅顺大屠杀日军军刀,2,1894 年旅顺大屠杀时期日军,属于,,属于,,
788,127,旅顺日俄监狱牢房铁门,3,旅顺日俄监狱旧址博物馆,陈列于,,陈列于,,
789,127,旅顺日俄监狱牢房铁门,73,旅顺日俄监狱旧址博物馆,陈列于,,陈列于,,
790,127,旅顺日俄监狱牢房铁门,158,旅顺日俄监狱旧址博物馆,陈列于,,陈列于,,
791,212,旅顺日俄监狱牢房铁门,3,旅顺日俄监狱旧址博物馆,陈列于,,陈列于,,
792,212,旅顺日俄监狱牢房铁门,73,旅顺日俄监狱旧址博物馆,陈列于,,陈列于,,
793,212,旅顺日俄监狱牢房铁门,158,旅顺日俄监狱旧址博物馆,陈列于,,陈列于,,
794,127,旅顺日俄监狱牢房铁门,4,监狱旧址东区展厅,位于,,位于,,
795,212,旅顺日俄监狱牢房铁门,4,监狱旧址东区展厅,位于,,位于,,
796,128,抗联步枪,5,庄河革命烈士陵园纪念馆,展示于,,展示于,,
797,213,抗联步枪,5,庄河革命烈士陵园纪念馆,展示于,,展示于,,
798,128,抗联步枪,6,日军（1938 年）,缴获于,,缴获于,,
799,128,抗联步枪,407,日军（1938 年）,缴获于,,缴获于,,
800,213,抗联步枪,6,日军（1938 年）,缴获于,,缴获于,,
801,213,抗联步枪,407,日军（1938 年）,缴获于,,缴获于,,
802,129,宋学范的日记本,7,金州烈士陵园纪念馆,收藏于,,收藏于,,
803,129,宋学范的日记本,71,金州烈士陵园纪念馆,收藏于,,收藏于,,
804,129,宋学范的日记本,156,金州烈士陵园纪念馆,收藏于,,收藏于,,
805,214,宋学范的日记本,7,金州烈士陵园纪念馆,收藏于,,收藏于,,
806,214,宋学范的日记本,71,金州烈士陵园纪念馆,收藏于,,收藏于,,
807,214,宋学范的日记本,156,金州烈士陵园纪念馆,收藏于,,收藏于,,
808,129,宋学范的日记本,8,宋学范参加四平战役经历,记录,,记录,,
809,214,宋学范的日记本,8,宋学范参加四平战役经历,记录,,记录,,
810,130,苏联红军望远镜,9,大连博物馆 “近代大连” 展厅,陈列于,,陈列于,,
811,130,苏联红军望远镜,72,大连博物馆 “近代大连” 展厅,陈列于,,陈列于,,
812,130,苏联红军望远镜,157,大连博物馆 “近代大连” 展厅,陈列于,,陈列于,,
813,215,苏联红军望远镜,9,大连博物馆 “近代大连” 展厅,陈列于,,陈列于,,
814,215,苏联红军望远镜,72,大连博物馆 “近代大连” 展厅,陈列于,,陈列于,,
815,215,苏联红军望远镜,157,大连博物馆 “近代大连” 展厅,陈列于,,陈列于,,
816,130,苏联红军望远镜,10,1945 年旅大解放时期,使用于,,使用于,,
817,215,苏联红军望远镜,10,1945 年旅大解放时期,使用于,,使用于,,
818,131,普兰店攻坚战手榴弹,11,普兰店区革命纪念馆,展示于,,展示于,,
819,131,普兰店攻坚战手榴弹,74,普兰店区革命纪念馆,展示于,,展示于,,
820,131,普兰店攻坚战手榴弹,159,普兰店区革命纪念馆,展示于,,展示于,,
821,216,普兰店攻坚战手榴弹,11,普兰店区革命纪念馆,展示于,,展示于,,
822,216,普兰店攻坚战手榴弹,74,普兰店区革命纪念馆,展示于,,展示于,,
823,216,普兰店攻坚战手榴弹,159,普兰店区革命纪念馆,展示于,,展示于,,
824,131,普兰店攻坚战手榴弹,12,1947 年普兰店攻坚战,使用于,,使用于,,
825,216,普兰店攻坚战手榴弹,12,1947 年普兰店攻坚战,使用于,,使用于,,
826,132,赵桂兰的工具,13,瓦房店革命纪念馆,收藏于,,收藏于,,
827,132,赵桂兰的工具,87,瓦房店革命纪念馆,收藏于,,收藏于,,
828,132,赵桂兰的工具,172,瓦房店革命纪念馆,收藏于,,收藏于,,
829,217,赵桂兰的工具,13,瓦房店革命纪念馆,收藏于,,收藏于,,
830,217,赵桂兰的工具,87,瓦房店革命纪念馆,收藏于,,收藏于,,
831,217,赵桂兰的工具,172,瓦房店革命纪念馆,收藏于,,收藏于,,
832,132,赵桂兰的工具,14,1942 年赵桂兰破坏日军生产,使用于,,使用于,,
833,217,赵桂兰的工具,14,1942 年赵桂兰破坏日军生产,使用于,,使用于,,
834,133,抗日旗帜,15,长海县革命烈士陵园纪念馆,陈列于,,陈列于,,
835,133,抗日旗帜,75,长海县革命烈士陵园纪念馆,陈列于,,陈列于,,
836,133,抗日旗帜,160,长海县革命烈士陵园纪念馆,陈列于,,陈列于,,
837,218,抗日旗帜,15,长海县革命烈士陵园纪念馆,陈列于,,陈列于,,
838,218,抗日旗帜,75,长海县革命烈士陵园纪念馆,陈列于,,陈列于,,
839,218,抗日旗帜,160,长海县革命烈士陵园纪念馆,陈列于,,陈列于,,
840,133,抗日旗帜,16,1939 年（当地妇女手工缝制）,制作于,,制作于,,
841,218,抗日旗帜,16,1939 年（当地妇女手工缝制）,制作于,,制作于,,
842,134,傅景阳的会员证,67,大连中华工学会旧址纪念馆,展示于,,展示于,,
843,134,傅景阳的会员证,152,大连中华工学会旧址纪念馆,展示于,,展示于,,
844,134,傅景阳的会员证,562,大连中华工学会旧址纪念馆,展示于,,展示于,,
845,219,傅景阳的会员证,67,大连中华工学会旧址纪念馆,展示于,,展示于,,
846,219,傅景阳的会员证,152,大连中华工学会旧址纪念馆,展示于,,展示于,,
847,219,傅景阳的会员证,562,大连中华工学会旧址纪念馆,展示于,,展示于,,
848,134,傅景阳的会员证,17,大连中华工学会,属于,,属于,,
849,134,傅景阳的会员证,115,大连中华工学会,属于,,属于,,
850,134,傅景阳的会员证,200,大连中华工学会,属于,,属于,,
851,219,傅景阳的会员证,17,大连中华工学会,属于,,属于,,
852,219,傅景阳的会员证,115,大连中华工学会,属于,,属于,,
853,219,傅景阳的会员证,200,大连中华工学会,属于,,属于,,
854,135,苏联红军军帽,18,旅顺烈士陵园纪念馆,收藏于,,收藏于,,
855,220,苏联红军军帽,18,旅顺烈士陵园纪念馆,收藏于,,收藏于,,
856,135,苏联红军军帽,19,1945 年苏联红军牺牲战士,属于,,属于,,
857,220,苏联红军军帽,19,1945 年苏联红军牺牲战士,属于,,属于,,
858,135,苏联红军军帽,20,战场遗址,发现于,,发现于,,
859,220,苏联红军军帽,20,战场遗址,发现于,,发现于,,
860,136,抗联电台,21,庄河仙人洞抗日根据地遗址纪念馆,陈列于,,陈列于,,
861,221,抗联电台,21,庄河仙人洞抗日根据地遗址纪念馆,陈列于,,陈列于,,
862,136,抗联电台,22,当年抗联时期,使用于,,使用于,,
863,221,抗联电台,22,当年抗联时期,使用于,,使用于,,
864,137,日俄战争炮弹壳,23,金州南山战役遗址纪念馆,展示于,,展示于,,
865,222,日俄战争炮弹壳,23,金州南山战役遗址纪念馆,展示于,,展示于,,
866,137,日俄战争炮弹壳,24,南山遗址（2005 年）,发掘于,,发掘于,,
867,222,日俄战争炮弹壳,24,南山遗址（2005 年）,发掘于,,发掘于,,
868,137,日俄战争炮弹壳,25,日俄战争时期俄军（推测）,属于,,属于,,
869,222,日俄战争炮弹壳,25,日俄战争时期俄军（推测）,属于,,属于,,
870,138,1949 年大连庆祝建国游行横幅,9,大连博物馆 “近代大连” 展厅,陈列于,,陈列于,,
871,138,1949 年大连庆祝建国游行横幅,72,大连博物馆 “近代大连” 展厅,陈列于,,陈列于,,
872,138,1949 年大连庆祝建国游行横幅,157,大连博物馆 “近代大连” 展厅,陈列于,,陈列于,,
873,223,1949 年大连庆祝建国游行横幅,9,大连博物馆 “近代大连” 展厅,陈列于,,陈列于,,
874,223,1949 年大连庆祝建国游行横幅,72,大连博物馆 “近代大连” 展厅,陈列于,,陈列于,,
875,223,1949 年大连庆祝建国游行横幅,157,大连博物馆 “近代大连” 展厅,陈列于,,陈列于,,
876,138,1949 年大连庆祝建国游行横幅,26,1949 年大连庆祝建国游行,使用于,,使用于,,
877,223,1949 年大连庆祝建国游行横幅,26,1949 年大连庆祝建国游行,使用于,,使用于,,
878,124,关向应的钢笔,27,,HAS_PROPERTY,,,材质,
879,209,关向应的钢笔,27,,HAS_PROPERTY,,,材质,
880,124,关向应的钢笔,28,,HAS_PROPERTY,,,特征,
881,209,关向应的钢笔,28,,HAS_PROPERTY,,,特征,
882,124,关向应的钢笔,29,,HAS_PROPERTY,,,保护级别,
883,209,关向应的钢笔,29,,HAS_PROPERTY,,,保护级别,
884,125,“四二七” 大罢工传单,30,,HAS_PROPERTY,,,类型,
885,210,“四二七” 大罢工传单,30,,HAS_PROPERTY,,,类型,
886,125,“四二七” 大罢工传单,31,,HAS_PROPERTY,,,状态,
887,210,“四二七” 大罢工传单,31,,HAS_PROPERTY,,,状态,
888,125,“四二七” 大罢工传单,32,,HAS_PROPERTY,,,保存方式,
889,210,“四二七” 大罢工传单,32,,HAS_PROPERTY,,,保存方式,
890,125,“四二七” 大罢工传单,33,,HAS_PROPERTY,,,价值,
891,210,“四二七” 大罢工传单,33,,HAS_PROPERTY,,,价值,
892,126,旅顺大屠杀日军军刀,34,,HAS_PROPERTY,,,特征,
893,211,旅顺大屠杀日军军刀,34,,HAS_PROPERTY,,,特征,
894,126,旅顺大屠杀日军军刀,35,,HAS_PROPERTY,,,长度,
895,211,旅顺大屠杀日军军刀,35,,HAS_PROPERTY,,,长度,
896,126,旅顺大屠杀日军军刀,36,,HAS_PROPERTY,,,属性,
897,211,旅顺大屠杀日军军刀,36,,HAS_PROPERTY,,,属性,
898,127,旅顺日俄监狱牢房铁门,37,,HAS_PROPERTY,,,材质,
899,212,旅顺日俄监狱牢房铁门,37,,HAS_PROPERTY,,,材质,
900,127,旅顺日俄监狱牢房铁门,38,,HAS_PROPERTY,,,特征,
901,212,旅顺日俄监狱牢房铁门,38,,HAS_PROPERTY,,,特征,
902,127,旅顺日俄监狱牢房铁门,39,,HAS_PROPERTY,,,尺寸,
903,212,旅顺日俄监狱牢房铁门,39,,HAS_PROPERTY,,,尺寸,
904,128,抗联步枪,40,,HAS_PROPERTY,,,特征,
905,213,抗联步枪,40,,HAS_PROPERTY,,,特征,
906,128,抗联步枪,41,,HAS_PROPERTY,,,枪管刻字,
907,213,抗联步枪,41,,HAS_PROPERTY,,,枪管刻字,
908,129,宋学范的日记本,42,,HAS_PROPERTY,,,封面颜色,
909,214,宋学范的日记本,42,,HAS_PROPERTY,,,封面颜色,
910,129,宋学范的日记本,43,,HAS_PROPERTY,,,页数,
911,214,宋学范的日记本,43,,HAS_PROPERTY,,,页数,
912,129,宋学范的日记本,44,,HAS_PROPERTY,,,最后记录时间,
913,214,宋学范的日记本,44,,HAS_PROPERTY,,,最后记录时间,
914,130,苏联红军望远镜,45,,HAS_PROPERTY,,,外壳材质,
915,215,苏联红军望远镜,45,,HAS_PROPERTY,,,外壳材质,
916,130,苏联红军望远镜,46,,HAS_PROPERTY,,,镜片状态,
917,215,苏联红军望远镜,46,,HAS_PROPERTY,,,镜片状态,
918,130,苏联红军望远镜,47,,HAS_PROPERTY,,,特征,
919,215,苏联红军望远镜,47,,HAS_PROPERTY,,,特征,
920,131,普兰店攻坚战手榴弹,48,,HAS_PROPERTY,,,类型,
921,216,普兰店攻坚战手榴弹,48,,HAS_PROPERTY,,,类型,
922,131,普兰店攻坚战手榴弹,49,,HAS_PROPERTY,,,状态,
923,216,普兰店攻坚战手榴弹,49,,HAS_PROPERTY,,,状态,
924,131,普兰店攻坚战手榴弹,50,,HAS_PROPERTY,,,特征,
925,216,普兰店攻坚战手榴弹,50,,HAS_PROPERTY,,,特征,
926,131,普兰店攻坚战手榴弹,51,,HAS_PROPERTY,,,保存方式,
927,216,普兰店攻坚战手榴弹,51,,HAS_PROPERTY,,,保存方式,
928,132,赵桂兰的工具,52,,HAS_PROPERTY,,,组成,
929,217,赵桂兰的工具,52,,HAS_PROPERTY,,,组成,
930,132,赵桂兰的工具,37,,HAS_PROPERTY,,,材质,
931,217,赵桂兰的工具,37,,HAS_PROPERTY,,,材质,
932,132,赵桂兰的工具,53,,HAS_PROPERTY,,,特征,
933,217,赵桂兰的工具,53,,HAS_PROPERTY,,,特征,
934,132,赵桂兰的工具,54,,HAS_PROPERTY,,,价值,
935,217,赵桂兰的工具,54,,HAS_PROPERTY,,,价值,
936,133,抗日旗帜,55,,HAS_PROPERTY,,,布料颜色,
937,218,抗日旗帜,55,,HAS_PROPERTY,,,布料颜色,
938,133,抗日旗帜,56,,HAS_PROPERTY,,,文字,
939,218,抗日旗帜,56,,HAS_PROPERTY,,,文字,
940,133,抗日旗帜,57,,HAS_PROPERTY,,,材质,
941,218,抗日旗帜,57,,HAS_PROPERTY,,,材质,
942,133,抗日旗帜,58,,HAS_PROPERTY,,,状态,
943,218,抗日旗帜,58,,HAS_PROPERTY,,,状态,
944,133,抗日旗帜,59,,HAS_PROPERTY,,,制作方式,
945,218,抗日旗帜,59,,HAS_PROPERTY,,,制作方式,
946,134,傅景阳的会员证,60,,HAS_PROPERTY,,,性质,
947,219,傅景阳的会员证,60,,HAS_PROPERTY,,,性质,
948,134,傅景阳的会员证,61,,HAS_PROPERTY,,,材质,
949,219,傅景阳的会员证,61,,HAS_PROPERTY,,,材质,
950,134,傅景阳的会员证,62,,HAS_PROPERTY,,,特征,
951,219,傅景阳的会员证,62,,HAS_PROPERTY,,,特征,
952,134,傅景阳的会员证,63,,HAS_PROPERTY,,,签发时间,
953,219,傅景阳的会员证,63,,HAS_PROPERTY,,,签发时间,
954,135,苏联红军军帽,64,,HAS_PROPERTY,,,帽徽,
955,220,苏联红军军帽,64,,HAS_PROPERTY,,,帽徽,
956,135,苏联红军军帽,65,,HAS_PROPERTY,,,材质,
957,220,苏联红军军帽,65,,HAS_PROPERTY,,,材质,
958,135,苏联红军军帽,467,,HAS_PROPERTY,,,颜色,
959,220,苏联红军军帽,467,,HAS_PROPERTY,,,颜色,
960,135,苏联红军军帽,468,,HAS_PROPERTY,,,特征,
961,220,苏联红军军帽,468,,HAS_PROPERTY,,,特征,
962,136,抗联电台,469,,HAS_PROPERTY,,,类型,
963,221,抗联电台,469,,HAS_PROPERTY,,,类型,
964,136,抗联电台,470,,HAS_PROPERTY,,,外壳材质,
965,221,抗联电台,470,,HAS_PROPERTY,,,外壳材质,
966,136,抗联电台,471,,HAS_PROPERTY,,,用途,
967,221,抗联电台,471,,HAS_PROPERTY,,,用途,
968,137,日俄战争炮弹壳,472,,HAS_PROPERTY,,,状态,
969,222,日俄战争炮弹壳,472,,HAS_PROPERTY,,,状态,
970,137,日俄战争炮弹壳,473,,HAS_PROPERTY,,,直径,
971,222,日俄战争炮弹壳,473,,HAS_PROPERTY,,,直径,
972,137,日俄战争炮弹壳,474,,HAS_PROPERTY,,,发掘时间,
973,222,日俄战争炮弹壳,474,,HAS_PROPERTY,,,发掘时间,
974,137,日俄战争炮弹壳,475,,HAS_PROPERTY,,,推测属性,
975,222,日俄战争炮弹壳,475,,HAS_PROPERTY,,,推测属性,
976,138,1949 年大连庆祝建国游行横幅,476,,HAS_PROPERTY,,,陈列于,
977,223,1949 年大连庆祝建国游行横幅,476,,HAS_PROPERTY,,,陈列于,
978,139,大连红色一日游路线,66,关向应故居纪念馆,包含,,包含,,
979,139,大连红色一日游路线,151,关向应故居纪念馆,包含,,包含,,
980,139,大连红色一日游路线,477,关向应故居纪念馆,包含,,包含,,
981,139,大连红色一日游路线,560,关向应故居纪念馆,包含,,包含,,
982,224,大连红色一日游路线,66,关向应故居纪念馆,包含,,包含,,
983,224,大连红色一日游路线,151,关向应故居纪念馆,包含,,包含,,
984,224,大连红色一日游路线,477,关向应故居纪念馆,包含,,包含,,
985,224,大连红色一日游路线,560,关向应故居纪念馆,包含,,包含,,
986,139,大连红色一日游路线,478,大连中华工学会旧址,包含,,包含,,
987,224,大连红色一日游路线,478,大连中华工学会旧址,包含,,包含,,
988,139,大连红色一日游路线,82,大连烈士陵园,包含,,包含,,
989,139,大连红色一日游路线,167,大连烈士陵园,包含,,包含,,
990,139,大连红色一日游路线,479,大连烈士陵园,包含,,包含,,
991,224,大连红色一日游路线,82,大连烈士陵园,包含,,包含,,
992,224,大连红色一日游路线,167,大连烈士陵园,包含,,包含,,
993,224,大连红色一日游路线,479,大连烈士陵园,包含,,包含,,
994,139,大连红色一日游路线,480,自驾,推荐交通方式,,推荐交通方式,,
995,224,大连红色一日游路线,480,自驾,推荐交通方式,,推荐交通方式,,
996,140,旅顺红色旅游路线,1,旅顺万忠墓纪念馆,包含,,包含,,
997,140,旅顺红色旅游路线,68,旅顺万忠墓纪念馆,包含,,包含,,
998,140,旅顺红色旅游路线,153,旅顺万忠墓纪念馆,包含,,包含,,
999,140,旅顺红色旅游路线,481,旅顺万忠墓纪念馆,包含,,包含,,
1000,225,旅顺红色旅游路线,1,旅顺万忠墓纪念馆,包含,,包含,,
1001,225,旅顺红色旅游路线,68,旅顺万忠墓纪念馆,包含,,包含,,
1002,225,旅顺红色旅游路线,153,旅顺万忠墓纪念馆,包含,,包含,,
1003,225,旅顺红色旅游路线,481,旅顺万忠墓纪念馆,包含,,包含,,
1004,140,旅顺红色旅游路线,3,旅顺日俄监狱旧址博物馆,包含,,包含,,
1005,140,旅顺红色旅游路线,73,旅顺日俄监狱旧址博物馆,包含,,包含,,
1006,140,旅顺红色旅游路线,158,旅顺日俄监狱旧址博物馆,包含,,包含,,
1007,140,旅顺红色旅游路线,482,旅顺日俄监狱旧址博物馆,包含,,包含,,
1008,225,旅顺红色旅游路线,3,旅顺日俄监狱旧址博物馆,包含,,包含,,
1009,225,旅顺红色旅游路线,73,旅顺日俄监狱旧址博物馆,包含,,包含,,
1010,225,旅顺红色旅游路线,158,旅顺日俄监狱旧址博物馆,包含,,包含,,
1011,225,旅顺红色旅游路线,482,旅顺日俄监狱旧址博物馆,包含,,包含,,
1012,140,旅顺红色旅游路线,83,旅顺烈士陵园,包含,,包含,,
1013,140,旅顺红色旅游路线,168,旅顺烈士陵园,包含,,包含,,
1014,140,旅顺红色旅游路线,483,旅顺烈士陵园,包含,,包含,,
1015,225,旅顺红色旅游路线,83,旅顺烈士陵园,包含,,包含,,
1016,225,旅顺红色旅游路线,168,旅顺烈士陵园,包含,,包含,,
1017,225,旅顺红色旅游路线,483,旅顺烈士陵园,包含,,包含,,
1018,140,旅顺红色旅游路线,484,旅顺公交 3 路、5 路,推荐交通方式,,推荐交通方式,,
1019,225,旅顺红色旅游路线,484,旅顺公交 3 路、5 路,推荐交通方式,,推荐交通方式,,
1020,141,金州红色旅游路线,485,金州烈士陵园,包含,,包含,,
1021,226,金州红色旅游路线,485,金州烈士陵园,包含,,包含,,
1022,141,金州红色旅游路线,66,关向应故居纪念馆,包含,,包含,,
1023,141,金州红色旅游路线,151,关向应故居纪念馆,包含,,包含,,
1024,141,金州红色旅游路线,477,关向应故居纪念馆,包含,,包含,,
1025,141,金州红色旅游路线,560,关向应故居纪念馆,包含,,包含,,
1026,226,金州红色旅游路线,66,关向应故居纪念馆,包含,,包含,,
1027,226,金州红色旅游路线,151,关向应故居纪念馆,包含,,包含,,
1028,226,金州红色旅游路线,477,关向应故居纪念馆,包含,,包含,,
1029,226,金州红色旅游路线,560,关向应故居纪念馆,包含,,包含,,
1030,141,金州红色旅游路线,80,金州南山战役遗址,包含,,包含,,
1031,141,金州红色旅游路线,165,金州南山战役遗址,包含,,包含,,
1032,141,金州红色旅游路线,486,金州南山战役遗址,包含,,包含,,
1033,226,金州红色旅游路线,80,金州南山战役遗址,包含,,包含,,
1034,226,金州红色旅游路线,165,金州南山战役遗址,包含,,包含,,
1035,226,金州红色旅游路线,486,金州南山战役遗址,包含,,包含,,
1036,142,庄河红色二日游路线,487,庄河革命烈士陵园,包含,,包含,,
1037,227,庄河红色二日游路线,487,庄河革命烈士陵园,包含,,包含,,
1038,142,庄河红色二日游路线,79,庄河仙人洞抗日根据地遗址,包含,,包含,,
1039,142,庄河红色二日游路线,164,庄河仙人洞抗日根据地遗址,包含,,包含,,
1040,142,庄河红色二日游路线,488,庄河仙人洞抗日根据地遗址,包含,,包含,,
1041,227,庄河红色二日游路线,79,庄河仙人洞抗日根据地遗址,包含,,包含,,
1042,227,庄河红色二日游路线,164,庄河仙人洞抗日根据地遗址,包含,,包含,,
1043,227,庄河红色二日游路线,488,庄河仙人洞抗日根据地遗址,包含,,包含,,
1044,142,庄河红色二日游路线,489,庄河市区酒店,推荐住宿,,推荐住宿,,
1045,227,庄河红色二日游路线,489,庄河市区酒店,推荐住宿,,推荐住宿,,
1046,144,大连近代历史红色路线,9,大连博物馆 “近代大连” 展厅,包含,,包含,,
1047,144,大连近代历史红色路线,72,大连博物馆 “近代大连” 展厅,包含,,包含,,
1048,144,大连近代历史红色路线,157,大连博物馆 “近代大连” 展厅,包含,,包含,,
1049,144,大连近代历史红色路线,490,大连博物馆 “近代大连” 展厅,包含,,包含,,
1050,229,大连近代历史红色路线,9,大连博物馆 “近代大连” 展厅,包含,,包含,,
1051,229,大连近代历史红色路线,72,大连博物馆 “近代大连” 展厅,包含,,包含,,
1052,229,大连近代历史红色路线,157,大连博物馆 “近代大连” 展厅,包含,,包含,,
1053,229,大连近代历史红色路线,490,大连博物馆 “近代大连” 展厅,包含,,包含,,
1054,144,大连近代历史红色路线,478,大连中华工学会旧址,包含,,包含,,
1055,229,大连近代历史红色路线,478,大连中华工学会旧址,包含,,包含,,
1056,144,大连近代历史红色路线,563,旅顺日俄监狱,包含,,包含,,
1057,229,大连近代历史红色路线,563,旅顺日俄监狱,包含,,包含,,
1058,145,亲子红色旅游路线,82,大连烈士陵园,包含,,包含,,
1059,145,亲子红色旅游路线,167,大连烈士陵园,包含,,包含,,
1060,145,亲子红色旅游路线,479,大连烈士陵园,包含,,包含,,
1061,230,亲子红色旅游路线,82,大连烈士陵园,包含,,包含,,
1062,230,亲子红色旅游路线,167,大连烈士陵园,包含,,包含,,
1063,230,亲子红色旅游路线,479,大连烈士陵园,包含,,包含,,
1064,145,亲子红色旅游路线,247,大连博物馆,包含,,包含,,
1065,145,亲子红色旅游路线,564,大连博物馆,包含,,包含,,
1066,230,亲子红色旅游路线,247,大连博物馆,包含,,包含,,
1067,230,亲子红色旅游路线,564,大连博物馆,包含,,包含,,
1068,148,长海县红色旅游路线,565,大长山岛长海县烈士陵园,包含,,包含,,
1069,233,长海县红色旅游路线,565,大长山岛长海县烈士陵园,包含,,包含,,
1070,148,长海县红色旅游路线,566,海岛抗日纪念馆,包含,,包含,,
1071,233,长海县红色旅游路线,566,海岛抗日纪念馆,包含,,包含,,
1072,148,长海县红色旅游路线,567,大连港轮渡（至大长山岛）,推荐交通方式,,推荐交通方式,,
1073,233,长海县红色旅游路线,567,大连港轮渡（至大长山岛）,推荐交通方式,,推荐交通方式,,
1074,568,长海县大长山岛,569,租电动车游览,推荐交通方式,,推荐交通方式,,
1075,149,大连工人运动红色路线,478,大连中华工学会旧址,包含,,包含,,
1076,234,大连工人运动红色路线,478,大连中华工学会旧址,包含,,包含,,
1077,149,大连工人运动红色路线,570,傅景阳故居,包含,,包含,,
1078,234,大连工人运动红色路线,570,傅景阳故居,包含,,包含,,
1079,149,大连工人运动红色路线,571,步行、骑行,推荐交通方式,,推荐交通方式,,
1080,234,大连工人运动红色路线,571,步行、骑行,推荐交通方式,,推荐交通方式,,
1081,150,抗联主题红色路线,112,庄河仙人洞抗日根据地,包含,,包含,,
1082,150,抗联主题红色路线,197,庄河仙人洞抗日根据地,包含,,包含,,
1083,150,抗联主题红色路线,572,庄河仙人洞抗日根据地,包含,,包含,,
1084,235,抗联主题红色路线,112,庄河仙人洞抗日根据地,包含,,包含,,
1085,235,抗联主题红色路线,197,庄河仙人洞抗日根据地,包含,,包含,,
1086,235,抗联主题红色路线,572,庄河仙人洞抗日根据地,包含,,包含,,
1087,150,抗联主题红色路线,573,瓦房店永宁镇抗日遗址,包含,,包含,,
1088,235,抗联主题红色路线,573,瓦房店永宁镇抗日遗址,包含,,包含,,
1089,150,抗联主题红色路线,485,金州烈士陵园,包含,,包含,,
1090,235,抗联主题红色路线,485,金州烈士陵园,包含,,包含,,
1091,139,大连红色一日游路线,574,,HAS_PROPERTY,,,全程距离,
1092,224,大连红色一日游路线,574,,HAS_PROPERTY,,,全程距离,
1093,139,大连红色一日游路线,575,,HAS_PROPERTY,,,路段车程,
1094,224,大连红色一日游路线,575,,HAS_PROPERTY,,,路段车程,
1095,140,旅顺红色旅游路线,576,,HAS_PROPERTY,,,建议时长,
1096,225,旅顺红色旅游路线,576,,HAS_PROPERTY,,,建议时长,
1097,140,旅顺红色旅游路线,577,,HAS_PROPERTY,,,路段车程,
1098,225,旅顺红色旅游路线,577,,HAS_PROPERTY,,,路段车程,
1099,141,金州红色旅游路线,578,,HAS_PROPERTY,,,适合人群,
1100,226,金州红色旅游路线,578,,HAS_PROPERTY,,,适合人群,
1101,141,金州红色旅游路线,579,,HAS_PROPERTY,,,建议行程,
1102,226,金州红色旅游路线,579,,HAS_PROPERTY,,,建议行程,
1103,142,庄河红色二日游路线,580,,HAS_PROPERTY,,,行程安排,
1104,227,庄河红色二日游路线,580,,HAS_PROPERTY,,,行程安排,
1105,143,庄河仙人洞遗址,581,,HAS_PROPERTY,,,距离,
1106,228,庄河仙人洞遗址,581,,HAS_PROPERTY,,,距离,
1107,143,庄河仙人洞遗址,582,,HAS_PROPERTY,,,车程,
1108,228,庄河仙人洞遗址,582,,HAS_PROPERTY,,,车程,
1109,144,大连近代历史红色路线,583,,HAS_PROPERTY,,,主题,
1110,229,大连近代历史红色路线,583,,HAS_PROPERTY,,,主题,
1111,144,大连近代历史红色路线,584,,HAS_PROPERTY,,,建议行程,
1112,229,大连近代历史红色路线,584,,HAS_PROPERTY,,,建议行程,
1113,145,亲子红色旅游路线,585,,HAS_PROPERTY,,,适合儿童年龄,
1114,230,亲子红色旅游路线,585,,HAS_PROPERTY,,,适合儿童年龄,
1115,146,大连博物馆 “小小讲解员” 活动,586,,HAS_PROPERTY,,,预约要求,
1116,231,大连博物馆 “小小讲解员” 活动,586,,HAS_PROPERTY,,,预约要求,
1117,147,永宁镇抗日遗址群,587,,HAS_PROPERTY,,,参观方式,
1118,232,永宁镇抗日遗址群,587,,HAS_PROPERTY,,,参观方式,
1119,148,长海县红色旅游路线,588,,HAS_PROPERTY,,,适合季节,
1120,233,长海县红色旅游路线,588,,HAS_PROPERTY,,,适合季节,
1121,148,长海县红色旅游路线,589,,HAS_PROPERTY,,,轮渡时长,
1122,233,长海县红色旅游路线,589,,HAS_PROPERTY,,,轮渡时长,
1123,149,大连工人运动红色路线,590,,HAS_PROPERTY,,,景点分布,
1124,234,大连工人运动红色路线,590,,HAS_PROPERTY,,,景点分布,
1125,149,大连工人运动红色路线,591,,HAS_PROPERTY,,,全程距离,
1126,234,大连工人运动红色路线,591,,HAS_PROPERTY,,,全程距离,
1127,150,抗联主题红色路线,592,,HAS_PROPERTY,,,建议时长,
1128,235,抗联主题红色路线,592,,HAS_PROPERTY,,,建议时长,
1129,150,抗联主题红色路线,593,,HAS_PROPERTY,,,行程安排,
1130,235,抗联主题红色路线,593,,HAS_PROPERTY,,,行程安排,
1131,150,抗联主题红色路线,594,,HAS_PROPERTY,,,配套体验,
1132,235,抗联主题红色路线,594,,HAS_PROPERTY,,,配套体验,
1133,89,关向应,596,,属于,,,,
1134,90,金伯阳,596,,属于,,,,
1135,91,王永庆,596,,属于,,,,
1136,92,宋学范,596,,属于,,,,
1137,93,于庆阳,596,,属于,,,,
1138,94,赵桂兰,596,,属于,,,,
1139,95,魏长魁,596,,属于,,,,
1140,96,傅景阳,596,,属于,,,,
1141,97,陈为人,596,,属于,,,,
1142,98,姜培禄,596,,属于,,,,
1143,99,张振山,596,,属于,,,,
1144,100,李淑珍,596,,属于,,,,
1145,101,王福顺,596,,属于,,,,
1146,102,刘长胜,596,,属于,,,,
1147,103,赵玉田,596,,属于,,,,
1148,104,孙桂兰,596,,属于,,,,
1149,105,周明远,596,,属于,,,,
1150,174,关向应,596,,属于,,,,
1151,175,金伯阳,596,,属于,,,,
1152,176,王永庆,596,,属于,,,,
1153,177,宋学范,596,,属于,,,,
1154,178,于庆阳,596,,属于,,,,
1155,179,赵桂兰,596,,属于,,,,
1156,180,魏长魁,596,,属于,,,,
1157,181,傅景阳,596,,属于,,,,
1158,182,陈为人,596,,属于,,,,
1159,183,姜培禄,596,,属于,,,,
1160,184,张振山,596,,属于,,,,
1161,185,李淑珍,596,,属于,,,,
1162,186,王福顺,596,,属于,,,,
1163,187,刘长胜,596,,属于,,,,
1164,188,赵玉田,596,,属于,,,,
1165,189,孙桂兰,596,,属于,,,,
1166,190,周明远,596,,属于,,,,
1167,364,红二方面军总政治委员,596,,属于,,,,
1168,365,中国共产党早期军事领导人,596,,属于,,,,
1169,366,苏联莫斯科中山大学（1925 年）,596,,属于,,,,
1170,367,南昌起义,596,,属于,,,,
1171,368,长征,596,,属于,,,,
1172,369,东北抗日联军创始人,596,,属于,,,,
1173,370,大连 “四二七” 大罢工,596,,属于,,,,
1174,371,吉林磐石战斗（1933 年）,596,,属于,,,,
1175,372,金伯阳故居,596,,属于,,,,
1176,373,爱国主义教育基地,596,,属于,,,,
1177,374,旅顺口区铁山街道,596,,属于,,,,
1178,375,东北抗日联军第 5 军第 3 师师长,596,,属于,,,,
1179,376,抗日救国军（1932 年）,596,,属于,,,,
1180,377,日伪据点（抗联期间）,596,,属于,,,,
1181,378,辽南独立师某团团长,596,,属于,,,,
1182,379,八路军（1937 年）,596,,属于,,,,
1183,380,四平战役（1947 年）,596,,属于,,,,
1184,381,珍宝岛自卫反击战（1969 年）,596,,属于,,,,
1185,382,工人破坏日军生产（1942 年）,596,,属于,,,,
1186,383,大连市妇联主任（新中国成立后）,596,,属于,,,,
1187,384,东北抗日联军第 9 军政治部主任,596,,属于,,,,
1188,385,黑龙江五常县与日军作战（1938 年）,596,,属于,,,,
1189,386,大连中华工学会第一任会长,596,,属于,,,,
1190,387,大连中华工学会（1923 年）,596,,属于,,,,
1191,388,大连 “四二七” 大罢工（1926 年）,596,,属于,,,,
1192,389,日军（1928 年）,596,,属于,,,,
1193,390,大连地下党工作,596,,属于,,,,
1194,391,中央文库重要文件,596,,属于,,,,
1195,392,八路军山东纵队第 5 支队参谋长,596,,属于,,,,
1196,393,抗日武装（1937 年）,596,,属于,,,,
1197,394,游击战指挥,596,,属于,,,,
1198,395,分发传单（1926 年大罢工期间）,596,,属于,,,,
1199,396,日军（1926 年大罢工后）,596,,属于,,,,
1200,397,旅顺万忠墓事件（1894 年）,596,,属于,,,,
1201,398,当年衣物和生活用品（晚年向纪念馆）,596,,属于,,,,
1202,399,1945 年旅大解放地方向导,596,,属于,,,,
1203,400,苏联红军攻占日军据点（1945 年）,596,,属于,,,,
1204,401,大连市甘井子区区长（1946 年后）,596,,属于,,,,
1205,402,大连中华工学会会员,596,,属于,,,,
1206,403,工人罢工（1925 年，反对日本资本家剥削）,596,,属于,,,,
1207,404,上海工人运动（罢工受伤后）,596,,属于,,,,
1208,405,庄河仙人洞抗日根据地村民,596,,属于,,,,
1209,406,粮食和住处（给抗联部队）,596,,属于,,,,
1210,407,日军（1938 年）,596,,属于,,,,
1211,408,金州南山战役支前模范,596,,属于,,,,
1212,409,妇女缝制棉衣（为军队）,596,,属于,,,,
1213,410,监狱内酷刑和反抗故事（向纪念馆）,596,,属于,,,,
1214,411,郑义,596,,属于,,,,
1215,412,1949 年大连庆祝解放游行,596,,属于,,,,
1216,413,大连工学院学生（1949 年）,596,,属于,,,,
1217,66,关向应故居纪念馆,595,,属于,,,,
1218,67,大连中华工学会旧址纪念馆,595,,属于,,,,
1219,68,旅顺万忠墓纪念馆,595,,属于,,,,
1220,69,瓦房店市复州城革命烈士陵园纪念馆,595,,属于,,,,
1221,70,庄河市革命烈士陵园纪念馆,595,,属于,,,,
1222,71,金州烈士陵园纪念馆,595,,属于,,,,
1223,72,大连博物馆 “近代大连” 展厅,595,,属于,,,,
1224,73,旅顺日俄监狱旧址博物馆,595,,属于,,,,
1225,74,普兰店区革命纪念馆,595,,属于,,,,
1226,75,长海县革命烈士陵园纪念馆,595,,属于,,,,
1227,76,关向应故居遗址,595,,属于,,,,
1228,77,旅顺龙王塘水库战斗遗址,595,,属于,,,,
1229,78,大连湾炮台遗址,595,,属于,,,,
1230,79,庄河仙人洞抗日根据地遗址,595,,属于,,,,
1231,80,金州南山战役遗址,595,,属于,,,,
1232,81,瓦房店永宁镇抗日遗址群,595,,属于,,,,
1233,82,大连烈士陵园,595,,属于,,,,
1234,83,旅顺烈士陵园,595,,属于,,,,
1235,84,普兰店烈士陵园,595,,属于,,,,
1236,85,庄河烈士陵园,595,,属于,,,,
1237,86,瓦房店烈士陵园,595,,属于,,,,
1238,87,瓦房店革命纪念馆,595,,属于,,,,
1239,88,大连高新园区烈士陵园,595,,属于,,,,
1240,151,关向应故居纪念馆,595,,属于,,,,
1241,152,大连中华工学会旧址纪念馆,595,,属于,,,,
1242,153,旅顺万忠墓纪念馆,595,,属于,,,,
1243,154,瓦房店市复州城革命烈士陵园纪念馆,595,,属于,,,,
1244,155,庄河市革命烈士陵园纪念馆,595,,属于,,,,
1245,156,金州烈士陵园纪念馆,595,,属于,,,,
1246,157,大连博物馆 “近代大连” 展厅,595,,属于,,,,
1247,158,旅顺日俄监狱旧址博物馆,595,,属于,,,,
1248,159,普兰店区革命纪念馆,595,,属于,,,,
1249,160,长海县革命烈士陵园纪念馆,595,,属于,,,,
1250,161,关向应故居遗址,595,,属于,,,,
1251,162,旅顺龙王塘水库战斗遗址,595,,属于,,,,
1252,163,大连湾炮台遗址,595,,属于,,,,
1253,164,庄河仙人洞抗日根据地遗址,595,,属于,,,,
1254,165,金州南山战役遗址,595,,属于,,,,
1255,166,瓦房店永宁镇抗日遗址群,595,,属于,,,,
1256,167,大连烈士陵园,595,,属于,,,,
1257,168,旅顺烈士陵园,595,,属于,,,,
1258,169,普兰店烈士陵园,595,,属于,,,,
1259,170,庄河烈士陵园,595,,属于,,,,
1260,171,瓦房店烈士陵园,595,,属于,,,,
1261,172,瓦房店革命纪念馆,595,,属于,,,,
1262,173,大连高新园区烈士陵园,595,,属于,,,,
1263,236,大连市金州区向应街道关家村,595,,属于,,,,
1264,237,金州站,595,,属于,,,,
1265,238,大连市沙河口区,595,,属于,,,,
1266,239,沙河口区黄河路,595,,属于,,,,
1267,240,旅顺口区九三路,595,,属于,,,,
1268,241,旅顺火车站,595,,属于,,,,
1269,242,解放战争时期烈士,595,,属于,,,,
1270,243,烈士纪念碑,595,,属于,,,,
1271,244,庄河公交 1 路烈士陵园站,595,,属于,,,,
1272,245,解放战争时期金州籍烈士,595,,属于,,,,
1273,246,抗美援朝时期金州籍烈士,595,,属于,,,,
1274,247,大连博物馆,595,,属于,,,,
1275,248,沙俄监狱（1902 年建成）,595,,属于,,,,
1276,249,普兰店市中心,595,,属于,,,,
1277,250,停车场（3 个）,595,,属于,,,,
1278,251,大长山岛,595,,属于,,,,
1279,252,海岛抗日烈士,595,,属于,,,,
1280,253,苏联红军解放旅顺战场,595,,属于,,,,
1281,254,甲午战争海防工事,595,,属于,,,,
1282,255,东北抗日联军活动地点,595,,属于,,,,
1283,256,庄河市仙人洞镇,595,,属于,,,,
1284,257,日俄战争战场,595,,属于,,,,
1285,258,烽火台,595,,属于,,,,
1286,259,战斗工事,595,,属于,,,,
1287,260,中共旅大地委旧址,595,,属于,,,,
1288,261,中共旅大地委办公地点（1945 年后）,595,,属于,,,,
1289,262,红色教育基地,595,,属于,,,,
1290,263,甘井子区,595,,属于,,,,
1291,264,烈士纪念塔,595,,属于,,,,
1292,265,纪念馆,595,,属于,,,,
1293,266,骨灰堂,595,,属于,,,,
1294,267,苏联红军烈士墓,595,,属于,,,,
1295,268,纪念塔,595,,属于,,,,
1296,269,庄河公交 5 路终点站,595,,属于,,,,
1297,270,无名烈士墓,595,,属于,,,,
1298,271,开发区建设时期烈士,595,,属于,,,,
1299,106,大连 “四二七” 大罢工,597,,属于,,,,
1300,107,旅顺大屠杀,597,,属于,,,,
1301,108,日俄战争金州南山战役,597,,属于,,,,
1302,109,苏联红军进驻旅顺,597,,属于,,,,
1303,110,中共旅大地委成立,597,,属于,,,,
1304,111,大连地区抗日救国会被镇压,597,,属于,,,,
1305,112,庄河仙人洞抗日根据地,597,,属于,,,,
1306,113,普兰店攻坚战,597,,属于,,,,
1307,114,普兰店解放,597,,属于,,,,
1308,115,大连中华工学会,597,,属于,,,,
1309,116,大连湾抗日武装袭击,597,,属于,,,,
1310,117,大连首届工人代表大会,597,,属于,,,,
1311,118,大连工人代表大会决议,597,,属于,,,,
1312,119,大连反俄运动,597,,属于,,,,
1313,120,大连反俄运动被镇压,597,,属于,,,,
1314,121,旅顺监狱越狱事件,597,,属于,,,,
1315,122,大连庆祝建国游行,597,,属于,,,,
1316,123,金伯阳追悼会,597,,属于,,,,
1317,191,大连 “四二七” 大罢工,597,,属于,,,,
1318,192,旅顺大屠杀,597,,属于,,,,
1319,193,日俄战争金州南山战役,597,,属于,,,,
1320,194,苏联红军进驻旅顺,597,,属于,,,,
1321,195,中共旅大地委成立,597,,属于,,,,
1322,196,大连地区抗日救国会被镇压,597,,属于,,,,
1323,197,庄河仙人洞抗日根据地,597,,属于,,,,
1324,198,普兰店攻坚战,597,,属于,,,,
1325,199,普兰店解放,597,,属于,,,,
1326,200,大连中华工学会,597,,属于,,,,
1327,201,大连湾抗日武装袭击,597,,属于,,,,
1328,202,大连首届工人代表大会,597,,属于,,,,
1329,203,大连工人代表大会决议,597,,属于,,,,
1330,204,大连反俄运动,597,,属于,,,,
1331,205,大连反俄运动被镇压,597,,属于,,,,
1332,206,旅顺监狱越狱事件,597,,属于,,,,
1333,207,大连庆祝建国游行,597,,属于,,,,
1334,208,金伯阳追悼会,597,,属于,,,,
1335,463,日本资本家（克扣工资、打骂工人）,597,,属于,,,,
1336,464,全国工人支持,597,,属于,,,,
1337,465,傅景阳,597,,属于,,,,
1338,466,金伯阳,597,,属于,,,,
1339,491,日军（1894 年 11 月 21 日）,597,,属于,,,,
1340,492,甲午战争惨案,597,,属于,,,,
1341,493,日军与俄军,597,,属于,,,,
1342,494,金州南山,597,,属于,,,,
1343,495,日军占领南山,597,,属于,,,,
1344,496,现为爱国主义教育基地,597,,属于,,,,
1345,497,日本对旅大地区殖民统治（40 年）,597,,属于,,,,
1346,498,旅大地区政权建设,597,,属于,,,,
1347,499,旅大地区恢复生产（1945 年旅大解放后）,597,,属于,,,,
1348,500,大连地区抗日救国会,597,,属于,,,,
1349,501,抗日宣传活动,597,,属于,,,,
1350,502,日军（1932 年）,597,,属于,,,,
1351,503,东北抗日联军辽南重要据点,597,,属于,,,,
1352,504,日军 “扫荡”（多次）,597,,属于,,,,
1353,505,辽沈战役前奏,597,,属于,,,,
1354,506,解放军与国民党守军,597,,属于,,,,
1355,507,解放军歼灭国民党守军 2000 余人,597,,属于,,,,
1356,508,为解放大连地区扫清障碍,597,,属于,,,,
1357,509,1923 年 12 月 2 日（沙河口）,597,,属于,,,,
1358,510,东北地区最早工人组织之一,597,,属于,,,,
1359,511,日军码头（1938 年）,597,,属于,,,,
1360,512,日军运输船 3 艘,597,,属于,,,,
1361,513,步枪 50 余支,597,,属于,,,,
1362,514,日军加强大连湾戒备、抗日武装转移至山区,597,,属于,,,,
1363,515,大连总工会（1946 年）,597,,属于,,,,
1364,516,全国反俄运动（1905 年）,597,,属于,,,,
1365,517,沙俄在大连殖民统治,597,,属于,,,,
1366,518,沙俄军队（1905 年）,597,,属于,,,,
1367,519,12 名抗日志士（1936 年）,597,,属于,,,,
1368,520,8 人成功逃脱、4 人牺牲,597,,属于,,,,
1369,521,鼓舞大连地区抗日斗志、日军加强监狱看守,597,,属于,,,,
1370,522,中共旅大市委（1949 年 10 月 1 日）,597,,属于,,,,
1371,523,中山广场,597,,属于,,,,
1372,524,大连主要街道,597,,属于,,,,
1373,525,大连人民（1928 年，金伯阳牺牲后）,597,,属于,,,,
1374,526,金伯阳革命事迹,597,,属于,,,,
1375,0,1926 年,598,,属于,,,,
1376,1,旅顺万忠墓纪念馆,598,,属于,,,,
1377,2,1894 年旅顺大屠杀时期日军,598,,属于,,,,
1378,3,旅顺日俄监狱旧址博物馆,598,,属于,,,,
1379,4,监狱旧址东区展厅,598,,属于,,,,
1380,5,庄河革命烈士陵园纪念馆,598,,属于,,,,
1381,6,日军（1938 年）,598,,属于,,,,
1382,7,金州烈士陵园纪念馆,598,,属于,,,,
1383,8,宋学范参加四平战役经历,598,,属于,,,,
1384,9,大连博物馆 “近代大连” 展厅,598,,属于,,,,
1385,10,1945 年旅大解放时期,598,,属于,,,,
1386,11,普兰店区革命纪念馆,598,,属于,,,,
1387,12,1947 年普兰店攻坚战,598,,属于,,,,
1388,13,瓦房店革命纪念馆,598,,属于,,,,
1389,14,1942 年赵桂兰破坏日军生产,598,,属于,,,,
1390,15,长海县革命烈士陵园纪念馆,598,,属于,,,,
1391,16,1939 年（当地妇女手工缝制）,598,,属于,,,,
1392,17,大连中华工学会,598,,属于,,,,
1393,18,旅顺烈士陵园纪念馆,598,,属于,,,,
1394,19,1945 年苏联红军牺牲战士,598,,属于,,,,
1395,20,战场遗址,598,,属于,,,,
1396,21,庄河仙人洞抗日根据地遗址纪念馆,598,,属于,,,,
1397,22,当年抗联时期,598,,属于,,,,
1398,23,金州南山战役遗址纪念馆,598,,属于,,,,
1399,24,南山遗址（2005 年）,598,,属于,,,,
1400,25,日俄战争时期俄军（推测）,598,,属于,,,,
1401,26,1949 年大连庆祝建国游行,598,,属于,,,,
1402,124,关向应的钢笔,598,,属于,,,,
1403,125,“四二七” 大罢工传单,598,,属于,,,,
1404,126,旅顺大屠杀日军军刀,598,,属于,,,,
1405,127,旅顺日俄监狱牢房铁门,598,,属于,,,,
1406,128,抗联步枪,598,,属于,,,,
1407,129,宋学范的日记本,598,,属于,,,,
1408,130,苏联红军望远镜,598,,属于,,,,
1409,131,普兰店攻坚战手榴弹,598,,属于,,,,
1410,132,赵桂兰的工具,598,,属于,,,,
1411,133,抗日旗帜,598,,属于,,,,
1412,134,傅景阳的会员证,598,,属于,,,,
1413,135,苏联红军军帽,598,,属于,,,,
1414,136,抗联电台,598,,属于,,,,
1415,137,日俄战争炮弹壳,598,,属于,,,,
1416,138,1949 年大连庆祝建国游行横幅,598,,属于,,,,
1417,209,关向应的钢笔,598,,属于,,,,
1418,210,“四二七” 大罢工传单,598,,属于,,,,
1419,211,旅顺大屠杀日军军刀,598,,属于,,,,
1420,212,旅顺日俄监狱牢房铁门,598,,属于,,,,
1421,213,抗联步枪,598,,属于,,,,
1422,214,宋学范的日记本,598,,属于,,,,
1423,215,苏联红军望远镜,598,,属于,,,,
1424,216,普兰店攻坚战手榴弹,598,,属于,,,,
1425,217,赵桂兰的工具,598,,属于,,,,
1426,218,抗日旗帜,598,,属于,,,,
1427,219,傅景阳的会员证,598,,属于,,,,
1428,220,苏联红军军帽,598,,属于,,,,
1429,221,抗联电台,598,,属于,,,,
1430,222,日俄战争炮弹壳,598,,属于,,,,
1431,223,1949 年大连庆祝建国游行横幅,598,,属于,,,,
1432,560,关向应故居纪念馆,598,,属于,,,,
1433,561,苏联（关向应学习期间）,598,,属于,,,,
1434,562,大连中华工学会旧址纪念馆,598,,属于,,,,
1435,139,大连红色一日游路线,599,,属于,,,,
1436,140,旅顺红色旅游路线,599,,属于,,,,
1437,141,金州红色旅游路线,599,,属于,,,,
1438,142,庄河红色二日游路线,599,,属于,,,,
1439,143,庄河仙人洞遗址,599,,属于,,,,
1440,144,大连近代历史红色路线,599,,属于,,,,
1441,145,亲子红色旅游路线,599,,属于,,,,
1442,146,大连博物馆 “小小讲解员” 活动,599,,属于,,,,
1443,147,永宁镇抗日遗址群,599,,属于,,,,
1444,148,长海县红色旅游路线,599,,属于,,,,
1445,149,大连工人运动红色路线,599,,属于,,,,
1446,150,抗联主题红色路线,599,,属于,,,,
1447,224,大连红色一日游路线,599,,属于,,,,
1448,225,旅顺红色旅游路线,599,,属于,,,,
1449,226,金州红色旅游路线,599,,属于,,,,
1450,227,庄河红色二日游路线,599,,属于,,,,
1451,228,庄河仙人洞遗址,599,,属于,,,,
1452,229,大连近代历史红色路线,599,,属于,,,,
1453,230,亲子红色旅游路线,599,,属于,,,,
1454,231,大连博物馆 “小小讲解员” 活动,599,,属于,,,,
1455,232,永宁镇抗日遗址群,599,,属于,,,,
1456,233,长海县红色旅游路线,599,,属于,,,,
1457,234,大连工人运动红色路线,599,,属于,,,,
1458,235,抗联主题红色路线,599,,属于,,,,
1459,477,关向应故居纪念馆,599,,属于,,,,
1460,478,大连中华工学会旧址,599,,属于,,,,
1461,479,大连烈士陵园,599,,属于,,,,
1462,480,自驾,599,,属于,,,,
1463,481,旅顺万忠墓纪念馆,599,,属于,,,,
1464,482,旅顺日俄监狱旧址博物馆,599,,属于,,,,
1465,483,旅顺烈士陵园,599,,属于,,,,
1466,484,旅顺公交 3 路、5 路,599,,属于,,,,
1467,485,金州烈士陵园,599,,属于,,,,
1468,486,金州南山战役遗址,599,,属于,,,,
1469,487,庄河革命烈士陵园,599,,属于,,,,
1470,488,庄河仙人洞抗日根据地遗址,599,,属于,,,,
1471,489,庄河市区酒店,599,,属于,,,,
1472,490,大连博物馆 “近代大连” 展厅,599,,属于,,,,
1473,563,旅顺日俄监狱,599,,属于,,,,
1474,564,大连博物馆,599,,属于,,,,
1475,565,大长山岛长海县烈士陵园,599,,属于,,,,
1476,566,海岛抗日纪念馆,599,,属于,,,,
1477,567,大连港轮渡（至大长山岛）,599,,属于,,,,
1478,568,长海县大长山岛,599,,属于,,,,
1479,569,租电动车游览,599,,属于,,,,
1480,570,傅景阳故居,599,,属于,,,,
1481,571,步行、骑行,599,,属于,,,,
1482,572,庄河仙人洞抗日根据地,599,,属于,,,,
1483,573,瓦房店永宁镇抗日遗址,599,,属于,,,,
1484,477,关向应故居纪念馆,236,大连市金州区向应街道关家村,位于,,位于,,
1485,560,关向应故居纪念馆,236,大连市金州区向应街道关家村,位于,,位于,,
1486,477,关向应故居纪念馆,237,金州站,距离,,距离,,
1487,560,关向应故居纪念馆,237,金州站,距离,,距离,,
1488,562,大连中华工学会旧址纪念馆,238,大连市沙河口区,位于,,位于,,
1489,562,大连中华工学会旧址纪念馆,239,沙河口区黄河路,位于,,位于,,
1490,1,旅顺万忠墓纪念馆,240,旅顺口区九三路,位于,,位于,,
1491,481,旅顺万忠墓纪念馆,240,旅顺口区九三路,位于,,位于,,
1492,1,旅顺万忠墓纪念馆,241,旅顺火车站,距离,,距离,,
1493,481,旅顺万忠墓纪念馆,241,旅顺火车站,距离,,距离,,
1494,7,金州烈士陵园纪念馆,245,解放战争时期金州籍烈士,安葬,,安葬,,
1495,7,金州烈士陵园纪念馆,246,抗美援朝时期金州籍烈士,安葬,,安葬,,
1496,9,大连博物馆 “近代大连” 展厅,247,大连博物馆,隶属于,,隶属于,,
1497,9,大连博物馆 “近代大连” 展厅,564,大连博物馆,隶属于,,隶属于,,
1498,72,大连博物馆 “近代大连” 展厅,564,大连博物馆,隶属于,,隶属于,,
1499,157,大连博物馆 “近代大连” 展厅,564,大连博物馆,隶属于,,隶属于,,
1500,490,大连博物馆 “近代大连” 展厅,247,大连博物馆,隶属于,,隶属于,,
1501,490,大连博物馆 “近代大连” 展厅,564,大连博物馆,隶属于,,隶属于,,
1502,3,旅顺日俄监狱旧址博物馆,248,沙俄监狱（1902 年建成）,前身是,,前身是,,
1503,482,旅顺日俄监狱旧址博物馆,248,沙俄监狱（1902 年建成）,前身是,,前身是,,
1504,11,普兰店区革命纪念馆,249,普兰店市中心,位于,,位于,,
1505,11,普兰店区革命纪念馆,250,停车场（3 个）,周边有,,周边有,,
1506,15,长海县革命烈士陵园纪念馆,251,大长山岛,位于,,位于,,
1507,15,长海县革命烈士陵园纪念馆,252,海岛抗日烈士,安葬,,安葬,,
1508,488,庄河仙人洞抗日根据地遗址,255,东北抗日联军活动地点,曾是,,曾是,,
1509,488,庄河仙人洞抗日根据地遗址,256,庄河市仙人洞镇,位于,,位于,,
1510,486,金州南山战役遗址,257,日俄战争战场,曾是,,曾是,,
1511,479,大连烈士陵园,263,甘井子区,位于,,位于,,
1512,479,大连烈士陵园,264,烈士纪念塔,包含,,包含,,
1513,479,大连烈士陵园,265,纪念馆,包含,,包含,,
1514,479,大连烈士陵园,266,骨灰堂,包含,,包含,,
1515,483,旅顺烈士陵园,267,苏联红军烈士墓,包含,,包含,,
1516,483,旅顺烈士陵园,268,纪念塔,设有,,设有,,
1517,477,关向应故居纪念馆,272,,HAS_PROPERTY,,,开放时间,
1518,560,关向应故居纪念馆,272,,HAS_PROPERTY,,,开放时间,
1519,477,关向应故居纪念馆,273,,HAS_PROPERTY,,,门票政策,
1520,560,关向应故居纪念馆,273,,HAS_PROPERTY,,,门票政策,
1521,477,关向应故居纪念馆,274,,HAS_PROPERTY,,,联系电话,
1522,560,关向应故居纪念馆,274,,HAS_PROPERTY,,,联系电话,
1523,477,关向应故居纪念馆,275,,HAS_PROPERTY,,,交通方式,
1524,560,关向应故居纪念馆,275,,HAS_PROPERTY,,,交通方式,
1525,477,关向应故居纪念馆,276,,HAS_PROPERTY,,,地址,
1526,560,关向应故居纪念馆,276,,HAS_PROPERTY,,,地址,
1527,562,大连中华工学会旧址纪念馆,277,,HAS_PROPERTY,,,开放时间,
1528,562,大连中华工学会旧址纪念馆,278,,HAS_PROPERTY,,,门票政策,
1529,562,大连中华工学会旧址纪念馆,279,,HAS_PROPERTY,,,联系电话,
1530,562,大连中华工学会旧址纪念馆,280,,HAS_PROPERTY,,,交通配套,
1531,562,大连中华工学会旧址纪念馆,281,,HAS_PROPERTY,,,地址,
1532,562,大连中华工学会旧址纪念馆,282,,HAS_PROPERTY,,,陈列内容,
1533,1,旅顺万忠墓纪念馆,283,,HAS_PROPERTY,,,开放时间,
1534,481,旅顺万忠墓纪念馆,283,,HAS_PROPERTY,,,开放时间,
1535,1,旅顺万忠墓纪念馆,284,,HAS_PROPERTY,,,联系电话,
1536,481,旅顺万忠墓纪念馆,284,,HAS_PROPERTY,,,联系电话,
1537,1,旅顺万忠墓纪念馆,285,,HAS_PROPERTY,,,交通方式,
1538,481,旅顺万忠墓纪念馆,285,,HAS_PROPERTY,,,交通方式,
1539,1,旅顺万忠墓纪念馆,286,,HAS_PROPERTY,,,地址,
1540,481,旅顺万忠墓纪念馆,286,,HAS_PROPERTY,,,地址,
1541,1,旅顺万忠墓纪念馆,287,,HAS_PROPERTY,,,历史记录,
1542,481,旅顺万忠墓纪念馆,287,,HAS_PROPERTY,,,历史记录,
1543,7,金州烈士陵园纪念馆,293,,HAS_PROPERTY,,,始建时间,
1544,7,金州烈士陵园纪念馆,294,,HAS_PROPERTY,,,翻新时间,
1545,7,金州烈士陵园纪念馆,295,,HAS_PROPERTY,,,门票政策,
1546,7,金州烈士陵园纪念馆,296,,HAS_PROPERTY,,,活动,
1547,7,金州烈士陵园纪念馆,297,,HAS_PROPERTY,,,服务,
1548,7,金州烈士陵园纪念馆,298,,HAS_PROPERTY,,,交通方式,
1549,7,金州烈士陵园纪念馆,299,,HAS_PROPERTY,,,地址,
1550,7,金州烈士陵园纪念馆,300,,HAS_PROPERTY,,,安葬人数,
1551,9,大连博物馆 “近代大连” 展厅,301,,HAS_PROPERTY,,,开放时间,
1552,490,大连博物馆 “近代大连” 展厅,301,,HAS_PROPERTY,,,开放时间,
1553,9,大连博物馆 “近代大连” 展厅,302,,HAS_PROPERTY,,,展示内容,
1554,490,大连博物馆 “近代大连” 展厅,302,,HAS_PROPERTY,,,展示内容,
1555,9,大连博物馆 “近代大连” 展厅,303,,HAS_PROPERTY,,,地址,
1556,490,大连博物馆 “近代大连” 展厅,303,,HAS_PROPERTY,,,地址,
1557,9,大连博物馆 “近代大连” 展厅,304,,HAS_PROPERTY,,,门票政策,
1558,490,大连博物馆 “近代大连” 展厅,304,,HAS_PROPERTY,,,门票政策,
1559,3,旅顺日俄监狱旧址博物馆,305,,HAS_PROPERTY,,,门票政策,
1560,482,旅顺日俄监狱旧址博物馆,305,,HAS_PROPERTY,,,门票政策,
1561,3,旅顺日俄监狱旧址博物馆,306,,HAS_PROPERTY,,,交通方式,
1562,482,旅顺日俄监狱旧址博物馆,306,,HAS_PROPERTY,,,交通方式,
1563,3,旅顺日俄监狱旧址博物馆,307,,HAS_PROPERTY,,,地址,
1564,482,旅顺日俄监狱旧址博物馆,307,,HAS_PROPERTY,,,地址,
1565,3,旅顺日俄监狱旧址博物馆,308,,HAS_PROPERTY,,,保护级别,
1566,482,旅顺日俄监狱旧址博物馆,308,,HAS_PROPERTY,,,保护级别,
1567,3,旅顺日俄监狱旧址博物馆,309,,HAS_PROPERTY,,,保留内容,
1568,482,旅顺日俄监狱旧址博物馆,309,,HAS_PROPERTY,,,保留内容,
1569,11,普兰店区革命纪念馆,310,,HAS_PROPERTY,,,联系电话,
1570,11,普兰店区革命纪念馆,311,,HAS_PROPERTY,,,开放时间,
1571,11,普兰店区革命纪念馆,312,,HAS_PROPERTY,,,交通方式,
1572,11,普兰店区革命纪念馆,313,,HAS_PROPERTY,,,地址,
1573,11,普兰店区革命纪念馆,314,,HAS_PROPERTY,,,距离,
1574,11,普兰店区革命纪念馆,315,,HAS_PROPERTY,,,展示内容,
1575,15,长海县革命烈士陵园纪念馆,316,,HAS_PROPERTY,,,活动,
1576,15,长海县革命烈士陵园纪念馆,317,,HAS_PROPERTY,,,交通方式,
1577,15,长海县革命烈士陵园纪念馆,318,,HAS_PROPERTY,,,地址,
1578,15,长海县革命烈士陵园纪念馆,319,,HAS_PROPERTY,,,性质,
1579,15,长海县革命烈士陵园纪念馆,320,,HAS_PROPERTY,,,安葬人数,
1580,15,长海县革命烈士陵园纪念馆,321,,HAS_PROPERTY,,,陈列内容,
1581,488,庄河仙人洞抗日根据地遗址,329,,HAS_PROPERTY,,,发现文物,
1582,486,金州南山战役遗址,330,,HAS_PROPERTY,,,海拔,
1583,486,金州南山战役遗址,331,,HAS_PROPERTY,,,残留内容,
1584,486,金州南山战役遗址,332,,HAS_PROPERTY,,,体验,
1585,479,大连烈士陵园,335,,HAS_PROPERTY,,,开放时间,
1586,479,大连烈士陵园,336,,HAS_PROPERTY,,,门票政策,
1587,479,大连烈士陵园,337,,HAS_PROPERTY,,,闭馆情况,
1588,479,大连烈士陵园,338,,HAS_PROPERTY,,,占地面积,
1589,479,大连烈士陵园,339,,HAS_PROPERTY,,,交通方式,
1590,479,大连烈士陵园,340,,HAS_PROPERTY,,,地址,
1591,479,大连烈士陵园,341,,HAS_PROPERTY,,,安葬时期,
1592,483,旅顺烈士陵园,342,,HAS_PROPERTY,,,纪念塔高度,
1593,483,旅顺烈士陵园,343,,HAS_PROPERTY,,,纪念塔刻字,
1594,483,旅顺烈士陵园,344,,HAS_PROPERTY,,,安葬对象,
1595,13,瓦房店革命纪念馆,357,,HAS_PROPERTY,,,地址,
1596,13,瓦房店革命纪念馆,358,,HAS_PROPERTY,,,门票政策,
1597,13,瓦房店革命纪念馆,359,,HAS_PROPERTY,,,开放时间,
1598,13,瓦房店革命纪念馆,360,,HAS_PROPERTY,,,联系电话,
1599,13,瓦房店革命纪念馆,361,,HAS_PROPERTY,,,服务,
1600,466,金伯阳,369,东北抗日联军创始人,曾任,,曾任,,
1601,466,金伯阳,106,大连 “四二七” 大罢工,参与领导,,参与领导,,
1602,466,金伯阳,191,大连 “四二七” 大罢工,参与领导,,参与领导,,
1603,466,金伯阳,370,大连 “四二七” 大罢工,参与领导,,参与领导,,
1604,466,金伯阳,371,吉林磐石战斗（1933 年）,牺牲于,,牺牲于,,
1605,465,傅景阳,386,大连中华工学会第一任会长,曾任,,曾任,,
1606,465,傅景阳,387,大连中华工学会（1923 年）,领导成立,,领导成立,,
1607,465,傅景阳,388,大连 “四二七” 大罢工（1926 年）,参与领导,,参与领导,,
1608,465,傅景阳,389,日军（1928 年）,被逮捕杀害,,被逮捕杀害,,
1609,103,赵玉田,6,日军（1938 年）,被逮捕,,被逮捕,,
1610,188,赵玉田,6,日军（1938 年）,被逮捕,,被逮捕,,
1611,466,金伯阳,419,,HAS_PROPERTY,,,原名,
1612,466,金伯阳,420,,HAS_PROPERTY,,,出生时间,
1613,466,金伯阳,421,,HAS_PROPERTY,,,逝世时间,
1614,466,金伯阳,422,,HAS_PROPERTY,,,籍贯,
1615,466,金伯阳,423,,HAS_PROPERTY,,,入党时间,
1616,466,金伯阳,424,,HAS_PROPERTY,,,牺牲年龄,
1617,466,金伯阳,425,,HAS_PROPERTY,,,荣誉,
1618,465,傅景阳,443,,HAS_PROPERTY,,,出生时间,
1619,465,傅景阳,444,,HAS_PROPERTY,,,逝世时间,
1620,106,大连 “四二七” 大罢工,17,大连中华工学会,领导,,领导,,
1621,191,大连 “四二七” 大罢工,17,大连中华工学会,领导,,领导,,
1622,370,大连 “四二七” 大罢工,17,大连中华工学会,领导,,领导,,
1623,572,庄河仙人洞抗日根据地,503,东北抗日联军辽南重要据点,属于,,属于,,
1624,572,庄河仙人洞抗日根据地,504,日军 “扫荡”（多次）,击退,,击退,,
1625,17,大连中华工学会,509,1923 年 12 月 2 日（沙河口）,成立,,成立,,
1626,17,大连中华工学会,510,东北地区最早工人组织之一,属于,,属于,,
1627,572,庄河仙人洞抗日根据地,541,,HAS_PROPERTY,,,建立时间,
1628,572,庄河仙人洞抗日根据地,542,,HAS_PROPERTY,,,坚持时间,
1629,17,大连中华工学会,545,,HAS_PROPERTY,,,成立时间,
1630,17,大连中华工学会,546,,HAS_PROPERTY,,,成立地点,
1631,17,大连中华工学会,547,,HAS_PROPERTY,,,成立时会员数,
1632,124,关向应的钢笔,477,关向应故居纪念馆,陈列于,,陈列于,,
1633,209,关向应的钢笔,477,关向应故居纪念馆,陈列于,,陈列于,,
1634,126,旅顺大屠杀日军军刀,481,旅顺万忠墓纪念馆,收藏于,,收藏于,,
1635,211,旅顺大屠杀日军军刀,481,旅顺万忠墓纪念馆,收藏于,,收藏于,,
1636,127,旅顺日俄监狱牢房铁门,482,旅顺日俄监狱旧址博物馆,陈列于,,陈列于,,
1637,212,旅顺日俄监狱牢房铁门,482,旅顺日俄监狱旧址博物馆,陈列于,,陈列于,,
1638,130,苏联红军望远镜,490,大连博物馆 “近代大连” 展厅,陈列于,,陈列于,,
1639,215,苏联红军望远镜,490,大连博物馆 “近代大连” 展厅,陈列于,,陈列于,,
1640,138,1949 年大连庆祝建国游行横幅,490,大连博物馆 “近代大连” 展厅,陈列于,,陈列于,,
1641,223,1949 年大连庆祝建国游行横幅,490,大连博物馆 “近代大连” 展厅,陈列于,,陈列于,,
